timestamp_utc,city,latitude,longitude,pm2_5,pm10,co,no2,so2,o3,us_aqi
2026-08-17 00:00:00+00:00,Islamabad,33.6844,73.0479,28.2,33.1,340.0,16.4,4.0,63.0,123.0
2026-08-17 01:00:00+00:00,Islamabad,33.6844,73.0479,14.2,16.1,525.0,18.1,4.6,70.0,120.0
2026-08-17 02:00:00+00:00,Islamabad,33.6844,73.0479,17.3,19.9,793.0,20.4,5.5,82.0,114.0
2026-08-17 03:00:00+00:00,Islamabad,33.6844,73.0479,25.0,30.6,958.0,20.5,6.9,98.0,110.0
2026-08-17 04:00:00+00:00,Islamabad,33.6844,73.0479,28.5,36.2,916.0,16.6,9.5,124.0,107.0
2026-08-17 05:00:00+00:00,Islamabad,33.6844,73.0479,30.7,39.6,771.0,10.6,12.6,155.0,106.0
2026-08-17 06:00:00+00:00,Islamabad,33.6844,73.0479,31.9,41.0,649.0,6.1,14.6,178.0,104.0
2026-08-17 07:00:00+00:00,Islamabad,33.6844,73.0479,32.8,41.8,589.0,4.2,14.7,188.0,103.0
2026-08-17 08:00:00+00:00,Islamabad,33.6844,73.0479,33.1,42.1,551.0,3.9,13.8,189.0,103.0
2026-08-17 09:00:00+00:00,Islamabad,33.6844,73.0479,31.9,40.9,543.0,5.3,12.8,184.0,102.0
2026-08-17 10:00:00+00:00,Islamabad,33.6844,73.0479,29.5,38.0,566.0,8.8,12.1,172.0,121.0
2026-08-17 11:00:00+00:00,Islamabad,33.6844,73.0479,29.4,38.1,620.0,14.1,11.3,153.0,140.0
2026-08-17 12:00:00+00:00,Islamabad,33.6844,73.0479,40.0,55.5,710.0,18.7,8.6,130.0,152.0
2026-08-17 13:00:00+00:00,Islamabad,33.6844,73.0479,42.3,54.8,875.0,33.1,8.8,105.0,153.0
2026-08-17 14:00:00+00:00,Islamabad,33.6844,73.0479,48.0,57.4,1077.0,52.7,9.0,70.0,143.0
2026-08-17 15:00:00+00:00,Islamabad,33.6844,73.0479,48.5,56.7,1202.0,66.3,9.0,43.0,120.0
2026-08-17 16:00:00+00:00,Islamabad,33.6844,73.0479,51.7,60.1,1199.0,69.0,8.5,31.0,100.0
2026-08-17 17:00:00+00:00,Islamabad,33.6844,73.0479,55.5,63.8,1121.0,65.6,7.7,28.0,100.0
2026-08-17 18:00:00+00:00,Islamabad,33.6844,73.0479,58.7,66.6,1011.0,59.0,6.9,31.0,101.0
2026-08-17 19:00:00+00:00,Islamabad,33.6844,73.0479,54.5,62.4,856.0,48.2,5.9,41.0,102.0
2026-08-17 20:00:00+00:00,Islamabad,33.6844,73.0479,49.7,58.3,671.0,34.1,4.9,57.0,103.0
2026-08-17 21:00:00+00:00,Islamabad,33.6844,73.0479,26.5,32.1,540.0,22.6,4.2,72.0,103.0
2026-08-17 22:00:00+00:00,Islamabad,33.6844,73.0479,29.7,37.3,492.0,15.6,4.1,85.0,102.0
2026-08-17 23:00:00+00:00,Islamabad,33.6844,73.0479,30.5,39.7,498.0,11.1,4.3,98.0,102.0
2026-08-18 00:00:00+00:00,Islamabad,33.6844,73.0479,22.2,30.0,564.0,10.3,6.0,104.0,102.0
2026-08-18 01:00:00+00:00,Islamabad,33.6844,73.0479,25.3,31.9,751.0,15.8,6.2,96.0,101.0
2026-08-18 02:00:00+00:00,Islamabad,33.6844,73.0479,29.6,36.9,997.0,23.1,6.5,85.0,102.0
2026-08-18 03:00:00+00:00,Islamabad,33.6844,73.0479,29.2,37.7,1119.0,26.5,7.4,86.0,103.0
2026-08-18 04:00:00+00:00,Islamabad,33.6844,73.0479,27.0,37.4,997.0,22.2,9.6,108.0,104.0
2026-08-18 05:00:00+00:00,Islamabad,33.6844,73.0479,26.7,40.3,751.0,13.9,12.3,140.0,104.0
2026-08-18 06:00:00+00:00,Islamabad,33.6844,73.0479,27.1,39.9,563.0,7.6,14.1,167.0,103.0
2026-08-18 07:00:00+00:00,Islamabad,33.6844,73.0479,27.9,39.8,491.0,5.3,14.0,182.0,103.0
2026-08-18 08:00:00+00:00,Islamabad,33.6844,73.0479,29.0,40.9,477.0,4.9,13.0,190.0,102.0
2026-08-18 09:00:00+00:00,Islamabad,33.6844,73.0479,30.2,42.4,532.0,5.6,12.3,194.0,102.0
2026-08-18 10:00:00+00:00,Islamabad,33.6844,73.0479,30.9,43.5,697.0,4.8,12.3,195.0,112.0
2026-08-18 11:00:00+00:00,Islamabad,33.6844,73.0479,31.2,44.6,931.0,5.1,12.7,191.0,135.0
2026-08-18 12:00:00+00:00,Islamabad,33.6844,73.0479,46.7,65.2,1124.0,15.4,13.7,165.0,155.0
2026-08-18 13:00:00+00:00,Islamabad,33.6844,73.0479,54.1,70.3,1255.0,35.3,13.4,130.0,165.0
2026-08-18 14:00:00+00:00,Islamabad,33.6844,73.0479,63.1,79.4,1346.0,62.5,13.0,81.0,163.0
2026-08-18 15:00:00+00:00,Islamabad,33.6844,73.0479,61.5,75.7,1347.0,80.9,12.4,45.0,149.0
2026-08-18 16:00:00+00:00,Islamabad,33.6844,73.0479,61.9,75.7,1209.0,82.4,11.6,33.0,120.0
2026-08-18 17:00:00+00:00,Islamabad,33.6844,73.0479,62.9,75.2,981.0,75.1,10.6,33.0,108.0
2026-08-18 18:00:00+00:00,Islamabad,33.6844,73.0479,61.7,73.8,766.0,66.8,9.7,35.0,109.0
2026-08-18 19:00:00+00:00,Islamabad,33.6844,73.0479,60.1,72.6,583.0,59.3,8.8,37.0,109.0
2026-08-18 20:00:00+00:00,Islamabad,33.6844,73.0479,58.6,71.0,413.0,50.8,8.1,42.0,110.0
2026-08-18 21:00:00+00:00,Islamabad,33.6844,73.0479,58.1,71.0,296.0,43.3,7.5,46.0,111.0
2026-08-18 22:00:00+00:00,Islamabad,33.6844,73.0479,58.9,72.4,246.0,37.6,7.1,48.0,114.0
2026-08-18 23:00:00+00:00,Islamabad,33.6844,73.0479,58.9,72.4,250.0,32.8,7.0,50.0,117.0
2026-08-19 00:00:00+00:00,Islamabad,33.6844,73.0479,36.4,46.7,307.0,17.9,6.0,73.0,120.0
2026-08-19 01:00:00+00:00,Islamabad,33.6844,73.0479,35.6,43.0,464.0,17.7,6.9,79.0,121.0
2026-08-19 02:00:00+00:00,Islamabad,33.6844,73.0479,28.7,36.3,674.0,17.3,8.3,88.0,122.0
2026-08-19 03:00:00+00:00,Islamabad,33.6844,73.0479,22.3,32.9,802.0,16.2,9.9,100.0,122.0
2026-08-19 04:00:00+00:00,Islamabad,33.6844,73.0479,23.1,35.0,766.0,13.9,11.9,115.0,122.0
2026-08-19 05:00:00+00:00,Islamabad,33.6844,73.0479,27.5,44.0,648.0,10.8,14.1,133.0,121.0
2026-08-19 06:00:00+00:00,Islamabad,33.6844,73.0479,29.0,46.4,555.0,8.4,15.5,148.0,121.0
2026-08-19 07:00:00+00:00,Islamabad,33.6844,73.0479,32.8,53.4,520.0,6.5,15.8,162.0,121.0
2026-08-19 08:00:00+00:00,Islamabad,33.6844,73.0479,33.9,56.3,509.0,5.3,15.3,173.0,122.0
2026-08-19 09:00:00+00:00,Islamabad,33.6844,73.0479,36.0,61.5,529.0,5.8,14.4,175.0,123.0
2026-08-19 10:00:00+00:00,Islamabad,33.6844,73.0479,37.0,65.0,581.0,8.1,12.7,164.0,123.0
2026-08-19 11:00:00+00:00,Islamabad,33.6844,73.0479,34.7,58.9,664.0,12.2,10.5,145.0,124.0
2026-08-19 12:00:00+00:00,Islamabad,33.6844,73.0479,41.4,64.7,779.0,20.4,8.1,101.0,125.0
2026-08-19 13:00:00+00:00,Islamabad,33.6844,73.0479,42.5,65.4,972.0,33.6,8.4,80.0,124.0
2026-08-19 14:00:00+00:00,Islamabad,33.6844,73.0479,45.3,63.8,1198.0,51.8,8.8,51.0,122.0
2026-08-19 15:00:00+00:00,Islamabad,33.6844,73.0479,48.3,62.9,1320.0,65.9,9.1,27.0,121.0
2026-08-19 16:00:00+00:00,Islamabad,33.6844,73.0479,51.1,64.7,1266.0,73.2,9.2,13.0,119.0
2026-08-19 17:00:00+00:00,Islamabad,33.6844,73.0479,55.3,68.9,1108.0,76.5,9.2,5.0,118.0
2026-08-19 18:00:00+00:00,Islamabad,33.6844,73.0479,60.1,73.6,932.0,74.6,8.7,4.0,117.0
2026-08-19 19:00:00+00:00,Islamabad,33.6844,73.0479,54.6,65.9,743.0,64.8,7.2,13.0,117.0
2026-08-19 20:00:00+00:00,Islamabad,33.6844,73.0479,48.7,60.8,535.0,49.9,5.2,29.0,116.0
2026-08-19 21:00:00+00:00,Islamabad,33.6844,73.0479,27.8,35.9,381.0,37.1,3.8,44.0,115.0
2026-08-19 22:00:00+00:00,Islamabad,33.6844,73.0479,17.9,24.5,305.0,28.5,3.5,54.0,112.0
2026-08-19 23:00:00+00:00,Islamabad,33.6844,73.0479,19.4,25.5,282.0,21.9,3.7,62.0,108.0
2026-08-20 00:00:00+00:00,Islamabad,33.6844,73.0479,24.6,33.5,312.0,12.5,3.7,87.0,104.0
2026-08-20 01:00:00+00:00,Islamabad,33.6844,73.0479,23.2,32.9,430.0,16.6,3.8,84.0,103.0
2026-08-20 02:00:00+00:00,Islamabad,33.6844,73.0479,24.6,38.3,601.0,22.1,4.1,81.0,101.0
2026-08-20 03:00:00+00:00,Islamabad,33.6844,73.0479,26.4,38.4,719.0,24.8,4.6,82.0,101.0
2026-08-20 04:00:00+00:00,Islamabad,33.6844,73.0479,27.8,40.5,734.0,21.9,5.7,91.0,101.0
2026-08-20 05:00:00+00:00,Islamabad,33.6844,73.0479,27.9,49.8,697.0,16.2,7.2,104.0,102.0
2026-08-20 06:00:00+00:00,Islamabad,33.6844,73.0479,31.3,59.8,651.0,11.4,8.4,117.0,102.0
2026-08-20 07:00:00+00:00,Islamabad,33.6844,73.0479,31.9,62.2,592.0,8.6,9.2,129.0,102.0
2026-08-20 08:00:00+00:00,Islamabad,33.6844,73.0479,33.5,66.8,525.0,6.8,9.7,140.0,102.0
2026-08-20 09:00:00+00:00,Islamabad,33.6844,73.0479,32.6,64.7,504.0,6.7,10.0,145.0,102.0
2026-08-20 10:00:00+00:00,Islamabad,33.6844,73.0479,32.5,63.8,532.0,7.0,9.9,144.0,102.0
2026-08-20 11:00:00+00:00,Islamabad,33.6844,73.0479,31.9,62.2,607.0,8.9,9.6,137.0,101.0
2026-08-20 12:00:00+00:00,Islamabad,33.6844,73.0479,50.1,101.3,780.0,14.5,14.2,130.0,101.0
2026-08-20 13:00:00+00:00,Islamabad,33.6844,73.0479,51.1,98.3,1144.0,42.0,15.2,93.0,102.0
2026-08-20 14:00:00+00:00,Islamabad,33.6844,73.0479,61.9,105.7,1607.0,79.8,16.6,43.0,103.0
2026-08-20 15:00:00+00:00,Islamabad,33.6844,73.0479,77.8,122.5,1941.0,106.1,17.7,6.0,104.0
2026-08-20 16:00:00+00:00,Islamabad,33.6844,73.0479,90.6,136.0,2072.0,110.8,18.6,0.0,108.0
2026-08-20 17:00:00+00:00,Islamabad,33.6844,73.0479,98.5,143.4,2075.0,104.2,19.2,0.0,112.0
2026-08-20 18:00:00+00:00,Islamabad,33.6844,73.0479,104.8,144.8,1941.0,95.2,18.5,1.0,116.0
2026-08-20 19:00:00+00:00,Islamabad,33.6844,73.0479,100.8,130.4,1569.0,84.7,15.5,1.0,121.0
2026-08-20 20:00:00+00:00,Islamabad,33.6844,73.0479,87.5,109.4,1061.0,71.7,11.3,2.0,126.0
2026-08-20 21:00:00+00:00,Islamabad,33.6844,73.0479,78.0,95.7,714.0,63.1,8.2,2.0,130.0
2026-08-20 22:00:00+00:00,Islamabad,33.6844,73.0479,40.6,50.2,688.0,63.8,7.2,0.0,135.0
2026-08-20 23:00:00+00:00,Islamabad,33.6844,73.0479,25.0,32.9,822.0,68.7,7.4,0.0,137.0
2026-08-21 00:00:00+00:00,Islamabad,33.6844,73.0479,26.9,37.5,936.0,68.9,7.6,3.0,138.0
2026-08-21 01:00:00+00:00,Islamabad,33.6844,73.0479,24.0,34.8,974.0,62.7,9.1,16.0,138.0
2026-08-21 02:00:00+00:00,Islamabad,33.6844,73.0479,20.0,28.4,991.0,53.6,11.2,36.0,138.0
2026-08-21 03:00:00+00:00,Islamabad,33.6844,73.0479,33.2,50.4,972.0,43.8,12.9,59.0,138.0
2026-08-21 04:00:00+00:00,Islamabad,33.6844,73.0479,30.7,50.3,885.0,32.6,14.0,89.0,138.0
2026-08-21 05:00:00+00:00,Islamabad,33.6844,73.0479,27.9,47.1,761.0,20.6,14.8,124.0,139.0
2026-08-21 06:00:00+00:00,Islamabad,33.6844,73.0479,28.9,49.8,679.0,11.5,15.1,151.0,139.0
2026-08-21 07:00:00+00:00,Islamabad,33.6844,73.0479,28.6,51.1,679.0,7.0,14.7,166.0,138.0
2026-08-21 08:00:00+00:00,Islamabad,33.6844,73.0479,30.0,53.2,721.0,5.5,14.0,174.0,138.0
2026-08-21 09:00:00+00:00,Islamabad,33.6844,73.0479,30.6,53.6,764.0,5.5,13.4,177.0,138.0
2026-08-21 10:00:00+00:00,Islamabad,33.6844,73.0479,30.7,52.9,764.0,5.0,13.4,177.0,137.0
2026-08-21 11:00:00+00:00,Islamabad,33.6844,73.0479,30.4,51.9,766.0,6.0,13.7,171.0,137.0
2026-08-21 12:00:00+00:00,Islamabad,33.6844,73.0479,42.6,78.7,864.0,12.7,13.9,150.0,137.0
2026-08-21 13:00:00+00:00,Islamabad,33.6844,73.0479,43.1,76.1,1185.0,30.7,13.5,118.0,141.0
2026-08-21 14:00:00+00:00,Islamabad,33.6844,73.0479,54.0,79.9,1601.0,55.6,12.8,73.0,140.0
2026-08-21 15:00:00+00:00,Islamabad,33.6844,73.0479,59.4,81.5,1828.0,75.3,12.3,37.0,135.0
2026-08-21 16:00:00+00:00,Islamabad,33.6844,73.0479,66.4,92.2,1694.0,85.9,12.1,17.0,133.0
2026-08-21 17:00:00+00:00,Islamabad,33.6844,73.0479,73.8,103.1,1370.0,91.3,11.9,6.0,130.0
2026-08-21 18:00:00+00:00,Islamabad,33.6844,73.0479,75.7,104.5,1083.0,90.5,11.4,2.0,128.0
2026-08-21 19:00:00+00:00,Islamabad,33.6844,73.0479,77.1,98.0,908.0,80.8,10.1,7.0,125.0
2026-08-21 20:00:00+00:00,Islamabad,33.6844,73.0479,73.8,90.8,770.0,65.0,8.5,20.0,122.0
2026-08-21 21:00:00+00:00,Islamabad,33.6844,73.0479,61.0,75.2,675.0,50.5,7.3,32.0,121.0
2026-08-21 22:00:00+00:00,Islamabad,33.6844,73.0479,40.0,50.3,627.0,39.3,6.7,41.0,119.0
2026-08-21 23:00:00+00:00,Islamabad,33.6844,73.0479,28.7,36.9,621.0,29.4,6.5,50.0,119.0
2026-08-22 00:00:00+00:00,Islamabad,33.6844,73.0479,48.3,60.8,654.0,34.0,8.0,36.0,119.0
2026-08-22 01:00:00+00:00,Islamabad,33.6844,73.0479,40.0,49.7,764.0,32.4,8.8,49.0,122.0
2026-08-22 02:00:00+00:00,Islamabad,33.6844,73.0479,43.2,58.0,913.0,29.9,9.9,69.0,123.0
2026-08-22 03:00:00+00:00,Islamabad,33.6844,73.0479,38.1,53.8,977.0,26.3,10.9,90.0,126.0
2026-08-22 04:00:00+00:00,Islamabad,33.6844,73.0479,32.2,50.1,870.0,20.6,11.8,114.0,126.0
2026-08-22 05:00:00+00:00,Islamabad,33.6844,73.0479,30.5,50.5,678.0,13.7,12.7,141.0,126.0
2026-08-22 06:00:00+00:00,Islamabad,33.6844,73.0479,30.2,49.5,536.0,8.5,13.4,162.0,127.0
2026-08-22 07:00:00+00:00,Islamabad,33.6844,73.0479,30.2,49.1,497.0,5.9,13.9,176.0,127.0
2026-08-22 08:00:00+00:00,Islamabad,33.6844,73.0479,32.0,51.9,508.0,5.0,14.1,185.0,127.0
2026-08-22 09:00:00+00:00,Islamabad,33.6844,73.0479,34.0,54.2,550.0,5.6,14.3,188.0,127.0
2026-08-22 10:00:00+00:00,Islamabad,33.6844,73.0479,35.5,55.9,564.0,7.3,14.5,185.0,127.0
2026-08-22 11:00:00+00:00,Islamabad,33.6844,73.0479,36.8,57.0,608.0,10.4,14.5,176.0,130.0
2026-08-22 12:00:00+00:00,Islamabad,33.6844,73.0479,38.4,58.9,842.0,17.3,12.9,150.0,149.0
2026-08-22 13:00:00+00:00,Islamabad,33.6844,73.0479,45.2,62.6,1485.0,31.1,12.7,125.0,155.0
2026-08-22 14:00:00+00:00,Islamabad,33.6844,73.0479,53.4,69.2,2317.0,50.4,12.4,89.0,152.0
2026-08-22 15:00:00+00:00,Islamabad,33.6844,73.0479,47.4,60.5,2835.0,66.2,12.0,58.0,138.0
2026-08-22 16:00:00+00:00,Islamabad,33.6844,73.0479,49.2,61.9,2779.0,76.6,11.5,35.0,127.0
2026-08-22 17:00:00+00:00,Islamabad,33.6844,73.0479,56.0,70.3,2409.0,83.6,10.9,17.0,125.0
2026-08-22 18:00:00+00:00,Islamabad,33.6844,73.0479,63.8,78.9,2007.0,84.1,10.1,8.0,123.0
2026-08-22 19:00:00+00:00,Islamabad,33.6844,73.0479,63.6,75.7,1616.0,74.5,8.7,12.0,122.0
2026-08-22 20:00:00+00:00,Islamabad,33.6844,73.0479,60.5,70.3,1191.0,58.4,7.1,26.0,121.0
2026-08-22 21:00:00+00:00,Islamabad,33.6844,73.0479,49.8,58.1,884.0,43.6,6.4,42.0,119.0
2026-08-22 22:00:00+00:00,Islamabad,33.6844,73.0479,44.5,53.2,771.0,31.7,7.2,61.0,118.0
2026-08-22 23:00:00+00:00,Islamabad,33.6844,73.0479,29.6,39.9,776.0,21.1,8.9,82.0,119.0
2026-08-23 00:00:00+00:00,Islamabad,33.6844,73.0479,19.8,27.5,813.0,13.7,7.4,94.0,119.0
2026-08-23 01:00:00+00:00,Islamabad,33.6844,73.0479,17.5,23.5,883.0,16.9,7.2,91.0,116.0
2026-08-23 02:00:00+00:00,Islamabad,33.6844,73.0479,19.6,25.4,987.0,21.2,7.0,87.0,113.0
2026-08-23 03:00:00+00:00,Islamabad,33.6844,73.0479,21.0,31.4,1040.0,23.2,7.3,88.0,111.0
2026-08-23 04:00:00+00:00,Islamabad,33.6844,73.0479,23.0,34.3,998.0,20.9,8.6,99.0,109.0
2026-08-23 05:00:00+00:00,Islamabad,33.6844,73.0479,23.3,33.2,905.0,16.4,10.4,116.0,108.0
2026-08-23 06:00:00+00:00,Islamabad,33.6844,73.0479,24.1,35.3,814.0,12.4,12.1,132.0,108.0
2026-08-23 07:00:00+00:00,Islamabad,33.6844,73.0479,24.1,39.3,731.0,9.7,13.4,145.0,107.0
2026-08-23 08:00:00+00:00,Islamabad,33.6844,73.0479,24.3,40.5,649.0,7.5,14.5,157.0,106.0
2026-08-23 09:00:00+00:00,Islamabad,33.6844,73.0479,24.0,39.2,597.0,6.5,15.3,165.0,105.0
2026-08-23 10:00:00+00:00,Islamabad,33.6844,73.0479,24.0,38.1,558.0,5.0,15.7,172.0,104.0
2026-08-23 11:00:00+00:00,Islamabad,33.6844,73.0479,23.7,35.6,550.0,4.7,15.8,174.0,103.0
2026-08-23 12:00:00+00:00,Islamabad,33.6844,73.0479,21.0,29.2,654.0,10.7,15.8,175.0,113.0
2026-08-23 13:00:00+00:00,Islamabad,33.6844,73.0479,25.6,32.8,997.0,27.3,16.4,146.0,129.0
2026-08-23 14:00:00+00:00,Islamabad,33.6844,73.0479,31.2,39.0,1453.0,50.5,17.1,106.0,136.0
2026-08-23 15:00:00+00:00,Islamabad,33.6844,73.0479,40.2,47.8,1720.0,69.8,17.2,70.0,130.0
2026-08-23 16:00:00+00:00,Islamabad,33.6844,73.0479,47.5,55.1,1624.0,82.1,16.3,43.0,114.0
2026-08-23 17:00:00+00:00,Islamabad,33.6844,73.0479,56.3,63.3,1339.0,90.7,14.7,20.0,96.0
2026-08-23 18:00:00+00:00,Islamabad,33.6844,73.0479,61.7,68.0,1091.0,94.5,13.1,4.0,96.0
2026-08-23 19:00:00+00:00,Islamabad,33.6844,73.0479,63.6,69.6,961.0,92.1,11.7,0.0,96.0
2026-08-23 20:00:00+00:00,Islamabad,33.6844,73.0479,64.0,69.8,868.0,85.1,10.2,0.0,96.0
2026-08-23 21:00:00+00:00,Islamabad,33.6844,73.0479,64.5,70.1,793.0,77.2,8.7,2.0,96.0
2026-08-23 22:00:00+00:00,Islamabad,33.6844,73.0479,64.3,68.7,714.0,68.9,6.9,0.0,97.0
2026-08-23 23:00:00+00:00,Islamabad,33.6844,73.0479,61.0,64.5,653.0,59.8,5.1,0.0,99.0
2026-08-24 00:00:00+00:00,Islamabad,33.6844,73.0479,75.4,80.6,656.0,66.4,6.8,1.0,102.0
2026-08-24 01:00:00+00:00,Islamabad,33.6844,73.0479,73.3,77.5,790.0,62.7,7.8,12.0,108.0
2026-08-24 02:00:00+00:00,Islamabad,33.6844,73.0479,65.4,68.9,987.0,57.0,9.3,28.0,113.0
2026-08-24 03:00:00+00:00,Islamabad,33.6844,73.0479,56.3,61.0,1093.0,48.9,11.3,56.0,118.0
2026-08-24 04:00:00+00:00,Islamabad,33.6844,73.0479,33.5,40.3,1020.0,36.0,14.5,105.0,122.0
2026-08-24 05:00:00+00:00,Islamabad,33.6844,73.0479,28.5,36.4,856.0,20.6,18.2,166.0,123.0
2026-08-24 06:00:00+00:00,Islamabad,33.6844,73.0479,28.9,37.6,708.0,9.2,20.2,210.0,123.0
2026-08-24 07:00:00+00:00,Islamabad,33.6844,73.0479,28.5,37.8,592.0,5.0,19.2,225.0,124.0
2026-08-24 08:00:00+00:00,Islamabad,33.6844,73.0479,27.9,37.4,492.0,4.8,16.5,225.0,124.0
2026-08-24 09:00:00+00:00,Islamabad,33.6844,73.0479,27.5,37.6,464.0,5.9,14.4,220.0,125.0
2026-08-24 10:00:00+00:00,Islamabad,33.6844,73.0479,27.1,38.1,528.0,3.6,13.8,220.0,129.0
2026-08-24 11:00:00+00:00,Islamabad,33.6844,73.0479,26.8,38.4,665.0,2.6,13.9,217.0,165.0
2026-08-24 12:00:00+00:00,Islamabad,33.6844,73.0479,17.5,24.8,872.0,14.2,11.3,175.0,191.0
2026-08-24 13:00:00+00:00,Islamabad,33.6844,73.0479,24.3,30.4,1239.0,45.2,11.7,127.0,201.0
2026-08-24 14:00:00+00:00,Islamabad,33.6844,73.0479,32.7,39.1,1676.0,87.8,12.3,61.0,196.0
2026-08-24 15:00:00+00:00,Islamabad,33.6844,73.0479,41.3,48.2,1910.0,118.1,13.0,12.0,172.0
2026-08-24 16:00:00+00:00,Islamabad,33.6844,73.0479,48.8,56.3,1768.0,124.7,14.0,0.0,134.0
2026-08-24 17:00:00+00:00,Islamabad,33.6844,73.0479,54.9,63.3,1423.0,119.0,15.2,2.0,126.0
2026-08-24 18:00:00+00:00,Islamabad,33.6844,73.0479,60.5,69.6,1123.0,111.0,15.3,7.0,126.0
2026-08-24 19:00:00+00:00,Islamabad,33.6844,73.0479,62.4,71.0,957.0,104.1,13.6,6.0,125.0
2026-08-24 20:00:00+00:00,Islamabad,33.6844,73.0479,54.1,61.0,836.0,95.0,10.9,5.0,125.0
2026-08-24 21:00:00+00:00,Islamabad,33.6844,73.0479,47.5,53.4,744.0,83.4,8.8,8.0,124.0
2026-08-24 22:00:00+00:00,Islamabad,33.6844,73.0479,42.0,47.6,658.0,66.9,7.8,16.0,123.0
2026-08-24 23:00:00+00:00,Islamabad,33.6844,73.0479,36.7,41.9,600.0,48.0,7.4,28.0,120.0
2026-08-25 00:00:00+00:00,Islamabad,33.6844,73.0479,48.3,54.7,627.0,48.3,9.0,30.0,118.0
2026-08-25 01:00:00+00:00,Islamabad,33.6844,73.0479,46.9,53.2,829.0,42.8,10.3,52.0,115.0
2026-08-25 02:00:00+00:00,Islamabad,33.6844,73.0479,43.5,48.7,1115.0,35.1,12.1,84.0,112.0
2026-08-25 03:00:00+00:00,Islamabad,33.6844,73.0479,31.4,39.6,1264.0,27.4,14.1,114.0,110.0
2026-08-25 04:00:00+00:00,Islamabad,33.6844,73.0479,27.6,38.8,1143.0,20.0,16.7,141.0,107.0
2026-08-25 05:00:00+00:00,Islamabad,33.6844,73.0479,27.2,39.9,885.0,12.7,19.5,167.0,107.0
2026-08-25 06:00:00+00:00,Islamabad,33.6844,73.0479,25.8,39.3,666.0,7.4,20.8,187.0,106.0
2026-08-25 07:00:00+00:00,Islamabad,33.6844,73.0479,25.3,38.6,537.0,5.0,19.2,198.0,106.0
2026-08-25 08:00:00+00:00,Islamabad,33.6844,73.0479,25.5,38.8,447.0,4.7,15.9,203.0,106.0
2026-08-25 09:00:00+00:00,Islamabad,33.6844,73.0479,25.8,39.1,425.0,5.6,13.5,204.0,110.0
2026-08-25 10:00:00+00:00,Islamabad,33.6844,73.0479,25.7,38.9,487.0,4.0,12.7,206.0,143.0
2026-08-25 11:00:00+00:00,Islamabad,33.6844,73.0479,25.7,38.8,616.0,3.6,12.7,203.0,164.0
2026-08-25 12:00:00+00:00,Islamabad,33.6844,73.0479,24.4,37.6,793.0,14.3,11.9,177.0,178.0
2026-08-25 13:00:00+00:00,Islamabad,33.6844,73.0479,31.1,42.3,1091.0,46.8,12.7,130.0,184.0
2026-08-25 14:00:00+00:00,Islamabad,33.6844,73.0479,41.8,53.4,1436.0,91.3,13.8,65.0,178.0
2026-08-25 15:00:00+00:00,Islamabad,33.6844,73.0479,48.7,60.8,1586.0,123.0,14.7,17.0,158.0
2026-08-25 16:00:00+00:00,Islamabad,33.6844,73.0479,49.8,62.4,1355.0,130.6,15.3,2.0,123.0
2026-08-25 17:00:00+00:00,Islamabad,33.6844,73.0479,53.8,66.6,929.0,125.4,15.7,5.0,108.0
2026-08-25 18:00:00+00:00,Islamabad,33.6844,73.0479,60.5,72.6,619.0,115.8,15.3,9.0,108.0
2026-08-25 19:00:00+00:00,Islamabad,33.6844,73.0479,59.4,68.9,575.0,103.2,13.5,10.0,108.0
2026-08-25 20:00:00+00:00,Islamabad,33.6844,73.0479,54.7,61.7,646.0,86.3,10.9,13.0,108.0
2026-08-25 21:00:00+00:00,Islamabad,33.6844,73.0479,49.8,54.8,695.0,69.5,9.1,20.0,108.0
2026-08-25 22:00:00+00:00,Islamabad,33.6844,73.0479,45.2,49.7,637.0,52.1,8.7,35.0,108.0
2026-08-25 23:00:00+00:00,Islamabad,33.6844,73.0479,39.5,44.5,557.0,34.7,9.1,53.0,109.0
2026-08-26 00:00:00+00:00,Islamabad,33.6844,73.0479,46.8,51.2,569.0,42.0,8.3,33.0,109.0
2026-08-26 01:00:00+00:00,Islamabad,33.6844,73.0479,44.2,48.4,792.0,40.8,9.4,48.0,109.0
2026-08-26 02:00:00+00:00,Islamabad,33.6844,73.0479,41.6,45.8,1107.0,38.8,10.9,71.0,108.0
2026-08-26 03:00:00+00:00,Islamabad,33.6844,73.0479,35.4,44.2,1277.0,34.6,13.0,97.0,108.0
2026-08-26 04:00:00+00:00,Islamabad,33.6844,73.0479,32.2,45.8,1159.0,26.1,16.4,129.0,109.0
2026-08-26 05:00:00+00:00,Islamabad,33.6844,73.0479,32.7,48.9,895.0,15.5,20.2,165.0,109.0
2026-08-26 06:00:00+00:00,Islamabad,33.6844,73.0479,31.5,48.4,673.0,7.6,22.1,191.0,110.0
2026-08-26 07:00:00+00:00,Islamabad,33.6844,73.0479,29.4,45.1,544.0,4.7,20.2,202.0,110.0
2026-08-26 08:00:00+00:00,Islamabad,33.6844,73.0479,29.0,43.8,457.0,4.7,16.2,203.0,111.0
2026-08-26 09:00:00+00:00,Islamabad,33.6844,73.0479,29.0,43.4,443.0,5.8,13.1,200.0,111.0
2026-08-26 10:00:00+00:00,Islamabad,33.6844,73.0479,29.2,43.5,528.0,4.1,11.9,199.0,134.0
2026-08-26 11:00:00+00:00,Islamabad,33.6844,73.0479,29.3,43.5,686.0,3.5,11.6,195.0,158.0
2026-08-26 12:00:00+00:00,Islamabad,33.6844,73.0479,29.8,43.9,874.0,15.0,11.8,175.0,174.0
2026-08-26 13:00:00+00:00,Islamabad,33.6844,73.0479,38.4,50.3,1133.0,51.1,12.9,124.0,181.0
2026-08-26 14:00:00+00:00,Islamabad,33.6844,73.0479,50.6,64.0,1422.0,99.1,14.5,58.0,175.0
2026-08-26 15:00:00+00:00,Islamabad,33.6844,73.0479,62.6,76.8,1575.0,132.1,15.7,10.0,154.0
2026-08-26 16:00:00+00:00,Islamabad,33.6844,73.0479,68.5,83.1,1485.0,136.5,16.2,0.0,116.0
2026-08-26 17:00:00+00:00,Islamabad,33.6844,73.0479,72.4,87.1,1258.0,125.8,16.3,3.0,118.0
2026-08-26 18:00:00+00:00,Islamabad,33.6844,73.0479,79.6,93.1,1046.0,113.5,15.6,9.0,120.0
2026-08-17 00:00:00+00:00,Lahore,31.5204,74.3587,36.9,63.3,293.0,19.6,8.5,59.0,136.0
2026-08-17 01:00:00+00:00,Lahore,31.5204,74.3587,38.3,57.2,437.0,22.5,9.0,56.0,133.0
2026-08-17 02:00:00+00:00,Lahore,31.5204,74.3587,41.2,62.4,632.0,26.1,9.8,54.0,132.0
2026-08-17 03:00:00+00:00,Lahore,31.5204,74.3587,44.9,74.5,738.0,26.8,10.7,64.0,131.0
2026-08-17 04:00:00+00:00,Lahore,31.5204,74.3587,46.6,93.1,663.0,21.6,11.9,98.0,131.0
2026-08-17 05:00:00+00:00,Lahore,31.5204,74.3587,49.6,110.6,499.0,13.4,13.2,144.0,131.0
2026-08-17 06:00:00+00:00,Lahore,31.5204,74.3587,52.2,122.9,379.0,7.1,14.0,179.0,131.0
2026-08-17 07:00:00+00:00,Lahore,31.5204,74.3587,54.6,134.6,344.0,4.5,13.7,193.0,132.0
2026-08-17 08:00:00+00:00,Lahore,31.5204,74.3587,55.8,140.2,353.0,3.8,12.9,195.0,133.0
2026-08-17 09:00:00+00:00,Lahore,31.5204,74.3587,54.2,137.8,411.0,4.4,12.1,191.0,135.0
2026-08-17 10:00:00+00:00,Lahore,31.5204,74.3587,54.2,136.0,550.0,5.4,11.6,182.0,136.0
2026-08-17 11:00:00+00:00,Lahore,31.5204,74.3587,53.9,131.8,739.0,7.5,11.1,167.0,138.0
2026-08-17 12:00:00+00:00,Lahore,31.5204,74.3587,49.7,110.8,883.0,10.8,10.2,142.0,153.0
2026-08-17 13:00:00+00:00,Lahore,31.5204,74.3587,50.3,92.9,951.0,28.1,11.3,112.0,160.0
2026-08-17 14:00:00+00:00,Lahore,31.5204,74.3587,59.6,93.6,975.0,51.3,12.7,72.0,154.0
2026-08-17 15:00:00+00:00,Lahore,31.5204,74.3587,59.1,85.4,960.0,64.6,13.5,46.0,143.0
2026-08-17 16:00:00+00:00,Lahore,31.5204,74.3587,51.3,72.6,891.0,58.2,13.2,50.0,143.0
2026-08-17 17:00:00+00:00,Lahore,31.5204,74.3587,45.9,62.6,782.0,41.8,12.2,68.0,142.0
2026-08-17 18:00:00+00:00,Lahore,31.5204,74.3587,44.0,60.3,681.0,28.3,11.2,82.0,140.0
2026-08-17 19:00:00+00:00,Lahore,31.5204,74.3587,43.9,60.5,599.0,22.7,10.2,83.0,139.0
2026-08-17 20:00:00+00:00,Lahore,31.5204,74.3587,43.7,59.0,525.0,20.1,9.1,80.0,137.0
2026-08-17 21:00:00+00:00,Lahore,31.5204,74.3587,41.1,56.5,467.0,18.6,8.4,76.0,135.0
2026-08-17 22:00:00+00:00,Lahore,31.5204,74.3587,41.7,55.4,405.0,17.9,8.2,71.0,133.0
2026-08-17 23:00:00+00:00,Lahore,31.5204,74.3587,43.7,56.6,359.0,18.3,8.3,66.0,132.0
2026-08-18 00:00:00+00:00,Lahore,31.5204,74.3587,37.1,53.8,399.0,20.7,8.8,58.0,132.0
2026-08-18 01:00:00+00:00,Lahore,31.5204,74.3587,36.9,47.7,625.0,21.6,9.3,60.0,132.0
2026-08-18 02:00:00+00:00,Lahore,31.5204,74.3587,35.6,53.9,936.0,22.5,10.0,64.0,132.0
2026-08-18 03:00:00+00:00,Lahore,31.5204,74.3587,37.5,59.0,1105.0,21.8,10.7,76.0,131.0
2026-08-18 04:00:00+00:00,Lahore,31.5204,74.3587,39.7,71.0,991.0,17.8,11.6,104.0,130.0
2026-08-18 05:00:00+00:00,Lahore,31.5204,74.3587,43.8,86.8,734.0,12.0,12.6,140.0,130.0
2026-08-18 06:00:00+00:00,Lahore,31.5204,74.3587,50.3,108.0,524.0,7.5,13.2,169.0,129.0
2026-08-18 07:00:00+00:00,Lahore,31.5204,74.3587,55.5,126.2,415.0,5.3,12.9,183.0,129.0
2026-08-18 08:00:00+00:00,Lahore,31.5204,74.3587,54.7,126.7,353.0,4.4,12.2,189.0,129.0
2026-08-18 09:00:00+00:00,Lahore,31.5204,74.3587,53.4,125.3,372.0,4.6,11.8,191.0,129.0
2026-08-18 10:00:00+00:00,Lahore,31.5204,74.3587,54.2,129.0,538.0,4.3,11.9,193.0,129.0
2026-08-18 11:00:00+00:00,Lahore,31.5204,74.3587,54.4,130.4,783.0,5.3,12.2,192.0,131.0
2026-08-18 12:00:00+00:00,Lahore,31.5204,74.3587,64.7,155.5,940.0,14.0,10.1,143.0,154.0
2026-08-18 13:00:00+00:00,Lahore,31.5204,74.3587,66.4,125.7,916.0,28.1,10.5,116.0,161.0
2026-08-18 14:00:00+00:00,Lahore,31.5204,74.3587,66.1,104.8,802.0,47.3,11.1,79.0,157.0
2026-08-18 15:00:00+00:00,Lahore,31.5204,74.3587,64.3,89.4,710.0,59.4,11.4,52.0,140.0
2026-08-18 16:00:00+00:00,Lahore,31.5204,74.3587,60.3,81.0,689.0,57.9,11.2,45.0,133.0
2026-08-18 17:00:00+00:00,Lahore,31.5204,74.3587,57.7,77.1,689.0,49.4,10.8,49.0,134.0
2026-08-18 18:00:00+00:00,Lahore,31.5204,74.3587,57.0,76.4,667.0,40.8,10.3,53.0,135.0
2026-08-18 19:00:00+00:00,Lahore,31.5204,74.3587,56.6,75.9,592.0,33.9,9.8,54.0,137.0
2026-08-18 20:00:00+00:00,Lahore,31.5204,74.3587,54.7,74.3,495.0,27.0,9.2,55.0,138.0
2026-08-18 21:00:00+00:00,Lahore,31.5204,74.3587,52.0,71.5,424.0,22.0,8.8,56.0,139.0
2026-08-18 22:00:00+00:00,Lahore,31.5204,74.3587,48.5,65.9,381.0,19.9,8.8,55.0,140.0
2026-08-18 23:00:00+00:00,Lahore,31.5204,74.3587,49.4,67.1,364.0,19.7,9.0,54.0,141.0
2026-08-19 00:00:00+00:00,Lahore,31.5204,74.3587,40.2,51.5,411.0,18.3,9.0,59.0,142.0
2026-08-19 01:00:00+00:00,Lahore,31.5204,74.3587,40.7,52.7,593.0,20.9,10.0,56.0,142.0
2026-08-19 02:00:00+00:00,Lahore,31.5204,74.3587,41.2,56.1,839.0,24.2,11.5,53.0,142.0
2026-08-19 03:00:00+00:00,Lahore,31.5204,74.3587,43.0,62.2,970.0,25.1,12.6,60.0,143.0
2026-08-19 04:00:00+00:00,Lahore,31.5204,74.3587,43.5,68.0,873.0,21.1,13.3,85.0,143.0
2026-08-19 05:00:00+00:00,Lahore,31.5204,74.3587,46.9,81.5,660.0,14.6,13.6,121.0,144.0
2026-08-19 06:00:00+00:00,Lahore,31.5204,74.3587,51.6,99.9,493.0,9.4,13.7,150.0,144.0
2026-08-19 07:00:00+00:00,Lahore,31.5204,74.3587,54.7,107.3,408.0,7.0,13.2,167.0,144.0
2026-08-19 08:00:00+00:00,Lahore,31.5204,74.3587,54.6,106.6,369.0,5.9,12.4,179.0,144.0
2026-08-19 09:00:00+00:00,Lahore,31.5204,74.3587,55.4,109.7,426.0,6.0,12.1,187.0,144.0
2026-08-19 10:00:00+00:00,Lahore,31.5204,74.3587,57.9,113.4,628.0,4.8,12.8,198.0,144.0
2026-08-19 11:00:00+00:00,Lahore,31.5204,74.3587,59.6,115.0,925.0,4.7,14.1,206.0,145.0
2026-08-19 12:00:00+00:00,Lahore,31.5204,74.3587,63.6,118.5,1223.0,14.1,12.8,179.0,145.0
2026-08-19 13:00:00+00:00,Lahore,31.5204,74.3587,66.6,113.4,1562.0,27.9,13.4,145.0,159.0
2026-08-19 14:00:00+00:00,Lahore,31.5204,74.3587,73.3,113.2,1901.0,46.7,14.3,99.0,162.0
2026-08-19 15:00:00+00:00,Lahore,31.5204,74.3587,69.2,102.4,2019.0,58.4,14.6,64.0,154.0
2026-08-19 16:00:00+00:00,Lahore,31.5204,74.3587,63.6,93.4,1735.0,56.3,14.0,51.0,146.0
2026-08-19 17:00:00+00:00,Lahore,31.5204,74.3587,61.5,89.2,1230.0,47.2,12.9,49.0,147.0
2026-08-19 18:00:00+00:00,Lahore,31.5204,74.3587,60.5,87.8,827.0,39.2,12.0,49.0,147.0
2026-08-19 19:00:00+00:00,Lahore,31.5204,74.3587,60.1,87.1,662.0,35.6,11.5,46.0,148.0
2026-08-19 20:00:00+00:00,Lahore,31.5204,74.3587,60.1,86.6,600.0,33.1,11.1,45.0,148.0
2026-08-19 21:00:00+00:00,Lahore,31.5204,74.3587,60.1,86.4,553.0,30.2,10.6,46.0,149.0
2026-08-19 22:00:00+00:00,Lahore,31.5204,74.3587,57.6,82.2,489.0,25.5,9.5,53.0,149.0
2026-08-19 23:00:00+00:00,Lahore,31.5204,74.3587,52.4,76.8,440.0,20.4,8.2,62.0,150.0
2026-08-20 00:00:00+00:00,Lahore,31.5204,74.3587,54.7,80.3,425.0,20.1,11.0,61.0,150.0
2026-08-20 01:00:00+00:00,Lahore,31.5204,74.3587,53.6,75.2,470.0,20.4,11.1,66.0,151.0
2026-08-20 02:00:00+00:00,Lahore,31.5204,74.3587,52.2,75.2,549.0,20.5,11.3,74.0,151.0
2026-08-20 03:00:00+00:00,Lahore,31.5204,74.3587,49.9,78.7,594.0,19.4,11.4,87.0,151.0
2026-08-20 04:00:00+00:00,Lahore,31.5204,74.3587,47.5,82.7,569.0,15.7,11.5,110.0,152.0
2026-08-20 05:00:00+00:00,Lahore,31.5204,74.3587,49.1,91.3,510.0,10.6,11.5,137.0,152.0
2026-08-20 06:00:00+00:00,Lahore,31.5204,74.3587,49.7,94.8,464.0,6.8,11.6,161.0,152.0
2026-08-20 07:00:00+00:00,Lahore,31.5204,74.3587,47.5,91.0,429.0,4.9,11.8,179.0,152.0
2026-08-20 08:00:00+00:00,Lahore,31.5204,74.3587,48.1,94.1,405.0,4.3,12.1,194.0,151.0
2026-08-20 09:00:00+00:00,Lahore,31.5204,74.3587,49.4,100.8,443.0,5.2,12.0,197.0,151.0
2026-08-20 10:00:00+00:00,Lahore,31.5204,74.3587,49.0,98.0,583.0,7.8,11.1,184.0,151.0
2026-08-20 11:00:00+00:00,Lahore,31.5204,74.3587,46.6,87.1,784.0,12.0,9.8,160.0,151.0
2026-08-20 12:00:00+00:00,Lahore,31.5204,74.3587,55.4,115.3,971.0,15.8,11.2,166.0,150.0
2026-08-20 13:00:00+00:00,Lahore,31.5204,74.3587,61.0,102.0,1130.0,29.1,11.6,132.0,157.0
2026-08-20 14:00:00+00:00,Lahore,31.5204,74.3587,64.0,102.2,1276.0,47.5,12.1,86.0,156.0
2026-08-20 15:00:00+00:00,Lahore,31.5204,74.3587,66.4,103.6,1376.0,61.2,12.5,49.0,149.0
2026-08-20 16:00:00+00:00,Lahore,31.5204,74.3587,69.2,103.6,1426.0,65.9,12.9,32.0,149.0
2026-08-20 17:00:00+00:00,Lahore,31.5204,74.3587,72.2,104.3,1431.0,66.0,13.2,25.0,149.0
2026-08-20 18:00:00+00:00,Lahore,31.5204,74.3587,75.4,107.3,1366.0,65.1,13.3,20.0,150.0
2026-08-20 19:00:00+00:00,Lahore,31.5204,74.3587,78.7,111.8,1182.0,64.9,13.1,14.0,151.0
2026-08-20 20:00:00+00:00,Lahore,31.5204,74.3587,81.5,115.5,928.0,63.7,12.6,10.0,151.0
2026-08-20 21:00:00+00:00,Lahore,31.5204,74.3587,82.7,115.3,733.0,59.7,12.2,12.0,152.0
2026-08-20 22:00:00+00:00,Lahore,31.5204,74.3587,75.9,105.7,643.0,50.4,11.8,21.0,152.0
2026-08-20 23:00:00+00:00,Lahore,31.5204,74.3587,64.5,90.6,610.0,38.4,11.4,35.0,153.0
2026-08-21 00:00:00+00:00,Lahore,31.5204,74.3587,95.7,145.8,623.0,77.2,18.2,4.0,153.0
2026-08-21 01:00:00+00:00,Lahore,31.5204,74.3587,97.3,145.3,719.0,65.6,19.3,26.0,155.0
2026-08-21 02:00:00+00:00,Lahore,31.5204,74.3587,84.3,134.6,860.0,49.2,20.7,59.0,156.0
2026-08-21 03:00:00+00:00,Lahore,31.5204,74.3587,75.2,132.2,917.0,34.7,22.0,97.0,157.0
2026-08-21 04:00:00+00:00,Lahore,31.5204,74.3587,74.7,136.4,802.0,24.0,22.9,145.0,158.0
2026-08-21 05:00:00+00:00,Lahore,31.5204,74.3587,75.2,142.5,602.0,15.2,23.5,198.0,158.0
2026-08-21 06:00:00+00:00,Lahore,31.5204,74.3587,76.6,149.0,451.0,8.9,23.8,240.0,159.0
2026-08-21 07:00:00+00:00,Lahore,31.5204,74.3587,77.1,153.2,386.0,6.0,23.6,264.0,160.0
2026-08-21 08:00:00+00:00,Lahore,31.5204,74.3587,76.1,153.2,369.0,5.6,23.0,275.0,161.0
2026-08-21 09:00:00+00:00,Lahore,31.5204,74.3587,72.4,146.7,417.0,6.2,22.3,278.0,162.0
2026-08-21 10:00:00+00:00,Lahore,31.5204,74.3587,65.4,130.9,570.0,5.6,21.3,273.0,186.0
2026-08-21 11:00:00+00:00,Lahore,31.5204,74.3587,63.1,124.3,788.0,5.9,20.0,258.0,208.0
2026-08-21 12:00:00+00:00,Lahore,31.5204,74.3587,59.4,119.0,969.0,13.2,16.7,201.0,219.0
2026-08-21 13:00:00+00:00,Lahore,31.5204,74.3587,62.6,110.6,1078.0,39.4,17.7,155.0,223.0
2026-08-21 14:00:00+00:00,Lahore,31.5204,74.3587,82.4,123.4,1149.0,74.8,19.1,91.0,220.0
2026-08-21 15:00:00+00:00,Lahore,31.5204,74.3587,78.7,112.2,1190.0,96.3,20.0,47.0,210.0
2026-08-21 16:00:00+00:00,Lahore,31.5204,74.3587,71.5,101.0,1203.0,91.1,20.2,40.0,189.0
2026-08-21 17:00:00+00:00,Lahore,31.5204,74.3587,68.0,92.7,1184.0,72.0,19.9,52.0,164.0
2026-08-21 18:00:00+00:00,Lahore,31.5204,74.3587,65.7,88.5,1129.0,54.4,19.1,64.0,164.0
2026-08-21 19:00:00+00:00,Lahore,31.5204,74.3587,62.2,83.4,1014.0,43.4,17.4,69.0,164.0
2026-08-21 20:00:00+00:00,Lahore,31.5204,74.3587,56.9,78.7,863.0,34.0,15.1,75.0,164.0
2026-08-21 21:00:00+00:00,Lahore,31.5204,74.3587,53.0,71.0,737.0,26.2,13.2,81.0,163.0
2026-08-21 22:00:00+00:00,Lahore,31.5204,74.3587,48.5,65.9,648.0,20.0,12.1,91.0,162.0
2026-08-21 23:00:00+00:00,Lahore,31.5204,74.3587,42.7,60.5,585.0,15.4,11.3,102.0,161.0
2026-08-22 00:00:00+00:00,Lahore,31.5204,74.3587,57.5,79.6,578.0,25.2,15.5,78.0,160.0
2026-08-22 01:00:00+00:00,Lahore,31.5204,74.3587,51.6,68.7,683.0,25.4,14.7,83.0,159.0
2026-08-22 02:00:00+00:00,Lahore,31.5204,74.3587,50.3,65.9,844.0,25.3,13.5,90.0,158.0
2026-08-22 03:00:00+00:00,Lahore,31.5204,74.3587,47.3,68.2,919.0,23.6,12.8,105.0,157.0
2026-08-22 04:00:00+00:00,Lahore,31.5204,74.3587,46.9,77.3,817.0,18.5,13.0,132.0,156.0
2026-08-22 05:00:00+00:00,Lahore,31.5204,74.3587,50.6,93.8,630.0,11.8,13.7,167.0,155.0
2026-08-22 06:00:00+00:00,Lahore,31.5204,74.3587,57.4,115.9,492.0,6.7,14.1,194.0,155.0
2026-08-22 07:00:00+00:00,Lahore,31.5204,74.3587,62.2,132.2,458.0,4.5,13.7,209.0,154.0
2026-08-22 08:00:00+00:00,Lahore,31.5204,74.3587,63.6,140.2,474.0,4.0,13.0,217.0,154.0
2026-08-22 09:00:00+00:00,Lahore,31.5204,74.3587,64.0,143.9,510.0,4.7,12.4,218.0,153.0
2026-08-22 10:00:00+00:00,Lahore,31.5204,74.3587,63.6,146.7,445.0,5.4,12.1,210.0,153.0
2026-08-22 11:00:00+00:00,Lahore,31.5204,74.3587,64.0,150.9,401.0,7.4,11.9,195.0,169.0
2026-08-22 12:00:00+00:00,Lahore,31.5204,74.3587,59.4,137.4,709.0,13.7,11.0,159.0,183.0
2026-08-22 13:00:00+00:00,Lahore,31.5204,74.3587,70.1,133.2,1823.0,32.3,12.4,125.0,188.0
2026-08-22 14:00:00+00:00,Lahore,31.5204,74.3587,83.4,139.2,3289.0,57.7,14.3,78.0,181.0
2026-08-22 15:00:00+00:00,Lahore,31.5204,74.3587,84.8,130.9,4079.0,74.8,15.5,43.0,162.0
2026-08-22 16:00:00+00:00,Lahore,31.5204,74.3587,82.9,123.4,3549.0,75.9,15.3,32.0,153.0
2026-08-22 17:00:00+00:00,Lahore,31.5204,74.3587,78.7,112.5,2344.0,68.8,14.5,33.0,154.0
2026-08-22 18:00:00+00:00,Lahore,31.5204,74.3587,75.0,102.9,1367.0,61.3,13.5,35.0,154.0
2026-08-22 19:00:00+00:00,Lahore,31.5204,74.3587,70.3,93.8,980.0,56.0,12.5,36.0,154.0
2026-08-22 20:00:00+00:00,Lahore,31.5204,74.3587,66.4,87.5,820.0,50.5,11.4,38.0,155.0
2026-08-22 21:00:00+00:00,Lahore,31.5204,74.3587,63.8,83.6,708.0,44.9,10.6,40.0,155.0
2026-08-22 22:00:00+00:00,Lahore,31.5204,74.3587,62.2,81.5,586.0,39.4,10.4,40.0,155.0
2026-08-22 23:00:00+00:00,Lahore,31.5204,74.3587,61.0,80.1,512.0,33.9,10.5,40.0,156.0
2026-08-23 00:00:00+00:00,Lahore,31.5204,74.3587,57.4,72.6,473.0,36.3,10.5,35.0,156.0
2026-08-23 01:00:00+00:00,Lahore,31.5204,74.3587,56.6,68.2,487.0,31.7,10.4,50.0,156.0
2026-08-23 02:00:00+00:00,Lahore,31.5204,74.3587,54.5,65.2,536.0,25.2,10.3,72.0,156.0
2026-08-23 03:00:00+00:00,Lahore,31.5204,74.3587,48.3,64.0,556.0,19.0,10.4,96.0,156.0
2026-08-23 04:00:00+00:00,Lahore,31.5204,74.3587,43.1,65.0,509.0,13.6,11.1,124.0,156.0
2026-08-23 05:00:00+00:00,Lahore,31.5204,74.3587,42.3,70.5,433.0,8.5,12.0,154.0,156.0
2026-08-23 06:00:00+00:00,Lahore,31.5204,74.3587,45.4,88.7,382.0,4.9,12.6,177.0,156.0
2026-08-23 07:00:00+00:00,Lahore,31.5204,74.3587,46.9,101.0,378.0,3.4,12.4,188.0,156.0
2026-08-23 08:00:00+00:00,Lahore,31.5204,74.3587,47.5,105.2,399.0,3.3,11.9,193.0,155.0
2026-08-23 09:00:00+00:00,Lahore,31.5204,74.3587,46.3,103.4,434.0,3.7,11.7,196.0,155.0
2026-08-23 10:00:00+00:00,Lahore,31.5204,74.3587,47.4,104.3,463.0,3.5,12.3,202.0,154.0
2026-08-23 11:00:00+00:00,Lahore,31.5204,74.3587,50.2,109.0,506.0,3.9,13.2,207.0,154.0
2026-08-23 12:00:00+00:00,Lahore,31.5204,74.3587,58.2,126.7,616.0,9.0,11.8,173.0,167.0
2026-08-23 13:00:00+00:00,Lahore,31.5204,74.3587,61.2,109.9,840.0,20.3,12.7,146.0,175.0
2026-08-23 14:00:00+00:00,Lahore,31.5204,74.3587,66.8,109.9,1131.0,35.7,13.9,107.0,174.0
2026-08-23 15:00:00+00:00,Lahore,31.5204,74.3587,66.1,101.3,1393.0,46.9,15.0,78.0,163.0
2026-08-23 16:00:00+00:00,Lahore,31.5204,74.3587,62.6,93.4,1607.0,49.2,15.7,67.0,152.0
2026-08-23 17:00:00+00:00,Lahore,31.5204,74.3587,64.3,94.3,1793.0,47.3,16.2,64.0,151.0
2026-08-23 18:00:00+00:00,Lahore,31.5204,74.3587,68.2,100.1,1917.0,46.3,16.6,60.0,151.0
2026-08-23 19:00:00+00:00,Lahore,31.5204,74.3587,71.5,104.3,1982.0,48.1,16.9,52.0,151.0
2026-08-23 20:00:00+00:00,Lahore,31.5204,74.3587,75.0,109.2,1985.0,51.0,17.1,43.0,151.0
2026-08-23 21:00:00+00:00,Lahore,31.5204,74.3587,80.1,115.0,1878.0,54.5,17.4,34.0,151.0
2026-08-23 22:00:00+00:00,Lahore,31.5204,74.3587,85.4,121.1,1559.0,60.9,17.9,21.0,152.0
2026-08-23 23:00:00+00:00,Lahore,31.5204,74.3587,90.3,126.7,1130.0,67.9,18.4,8.0,152.0
2026-08-24 00:00:00+00:00,Lahore,31.5204,74.3587,86.6,129.9,854.0,54.8,21.5,34.0,153.0
2026-08-24 01:00:00+00:00,Lahore,31.5204,74.3587,92.9,136.4,904.0,46.7,22.5,60.0,154.0
2026-08-24 02:00:00+00:00,Lahore,31.5204,74.3587,77.1,121.5,1106.0,35.3,23.9,97.0,155.0
2026-08-24 03:00:00+00:00,Lahore,31.5204,74.3587,60.8,110.4,1207.0,25.1,24.3,132.0,156.0
2026-08-24 04:00:00+00:00,Lahore,31.5204,74.3587,55.6,103.6,1072.0,17.4,23.2,164.0,156.0
2026-08-24 05:00:00+00:00,Lahore,31.5204,74.3587,51.8,96.6,835.0,10.9,21.1,193.0,156.0
2026-08-24 06:00:00+00:00,Lahore,31.5204,74.3587,48.3,89.9,640.0,6.3,19.0,213.0,157.0
2026-08-24 07:00:00+00:00,Lahore,31.5204,74.3587,44.2,82.0,534.0,4.2,16.9,217.0,157.0
2026-08-24 08:00:00+00:00,Lahore,31.5204,74.3587,40.6,74.5,469.0,4.1,14.7,211.0,157.0
2026-08-24 09:00:00+00:00,Lahore,31.5204,74.3587,38.4,69.6,452.0,4.8,13.2,203.0,157.0
2026-08-24 10:00:00+00:00,Lahore,31.5204,74.3587,37.3,66.1,384.0,3.3,12.5,200.0,165.0
2026-08-24 11:00:00+00:00,Lahore,31.5204,74.3587,36.4,63.8,363.0,2.8,12.3,194.0,182.0
2026-08-24 12:00:00+00:00,Lahore,31.5204,74.3587,42.0,76.4,688.0,11.1,11.7,165.0,192.0
2026-08-24 13:00:00+00:00,Lahore,31.5204,74.3587,48.9,73.6,1640.0,36.0,13.8,129.0,192.0
2026-08-24 14:00:00+00:00,Lahore,31.5204,74.3587,61.5,87.3,2937.0,70.4,16.8,79.0,182.0
2026-08-24 15:00:00+00:00,Lahore,31.5204,74.3587,75.0,101.5,4031.0,96.9,20.0,39.0,160.0
2026-08-24 16:00:00+00:00,Lahore,31.5204,74.3587,91.7,120.6,4898.0,108.2,23.9,20.0,155.0
2026-08-24 17:00:00+00:00,Lahore,31.5204,74.3587,110.8,141.1,5561.0,111.5,28.1,12.0,156.0
2026-08-24 18:00:00+00:00,Lahore,31.5204,74.3587,122.0,151.8,5543.0,111.2,30.1,8.0,157.0
2026-08-24 19:00:00+00:00,Lahore,31.5204,74.3587,118.3,144.8,4296.0,107.0,28.3,7.0,159.0
2026-08-24 20:00:00+00:00,Lahore,31.5204,74.3587,106.2,129.9,2367.0,99.2,24.4,9.0,160.0
2026-08-24 21:00:00+00:00,Lahore,31.5204,74.3587,100.8,122.9,922.0,92.2,21.2,11.0,161.0
2026-08-24 22:00:00+00:00,Lahore,31.5204,74.3587,96.4,117.6,486.0,88.8,19.9,8.0,162.0
2026-08-24 23:00:00+00:00,Lahore,31.5204,74.3587,94.3,114.6,533.0,86.2,19.3,4.0,162.0
2026-08-25 00:00:00+00:00,Lahore,31.5204,74.3587,94.1,120.6,656.0,87.5,21.8,10.0,162.0
2026-08-25 01:00:00+00:00,Lahore,31.5204,74.3587,102.9,131.3,778.0,76.1,23.7,36.0,162.0
2026-08-25 02:00:00+00:00,Lahore,31.5204,74.3587,100.6,122.5,976.0,60.0,26.3,74.0,163.0
2026-08-25 03:00:00+00:00,Lahore,31.5204,74.3587,74.0,99.0,1070.0,44.4,27.2,113.0,163.0
2026-08-25 04:00:00+00:00,Lahore,31.5204,74.3587,58.7,81.7,945.0,30.1,25.0,153.0,164.0
2026-08-25 05:00:00+00:00,Lahore,31.5204,74.3587,49.9,72.2,716.0,16.3,21.2,193.0,164.0
2026-08-25 06:00:00+00:00,Lahore,31.5204,74.3587,45.9,67.8,554.0,6.7,17.9,222.0,164.0
2026-08-25 07:00:00+00:00,Lahore,31.5204,74.3587,44.2,66.1,533.0,3.3,16.0,233.0,164.0
2026-08-25 08:00:00+00:00,Lahore,31.5204,74.3587,42.0,63.8,579.0,4.1,14.6,233.0,164.0
2026-08-25 09:00:00+00:00,Lahore,31.5204,74.3587,39.7,61.5,641.0,5.7,13.6,228.0,164.0
2026-08-25 10:00:00+00:00,Lahore,31.5204,74.3587,38.1,59.4,634.0,4.3,12.8,223.0,169.0
2026-08-25 11:00:00+00:00,Lahore,31.5204,74.3587,37.1,57.7,642.0,3.8,12.5,213.0,192.0
2026-08-25 12:00:00+00:00,Lahore,31.5204,74.3587,44.6,70.8,868.0,12.2,13.3,190.0,203.0
2026-08-25 13:00:00+00:00,Lahore,31.5204,74.3587,56.6,77.3,1591.0,42.1,15.9,146.0,206.0
2026-08-25 14:00:00+00:00,Lahore,31.5204,74.3587,71.2,92.2,2530.0,83.2,19.6,86.0,203.0
2026-08-25 15:00:00+00:00,Lahore,31.5204,74.3587,84.5,105.0,3051.0,111.8,22.4,41.0,185.0
2026-08-25 16:00:00+00:00,Lahore,31.5204,74.3587,92.7,112.2,2763.0,116.4,23.9,26.0,165.0
2026-08-25 17:00:00+00:00,Lahore,31.5204,74.3587,93.8,112.7,2056.0,108.6,24.6,25.0,165.0
2026-08-25 18:00:00+00:00,Lahore,31.5204,74.3587,98.5,115.3,1461.0,100.0,24.3,26.0,164.0
2026-08-25 19:00:00+00:00,Lahore,31.5204,74.3587,97.3,111.5,1172.0,94.4,22.5,24.0,163.0
2026-08-25 20:00:00+00:00,Lahore,31.5204,74.3587,91.3,102.9,996.0,88.0,19.7,24.0,163.0
2026-08-25 21:00:00+00:00,Lahore,31.5204,74.3587,85.9,95.9,882.0,81.4,17.5,23.0,162.0
2026-08-25 22:00:00+00:00,Lahore,31.5204,74.3587,83.6,92.9,818.0,74.3,16.3,19.0,162.0
2026-08-25 23:00:00+00:00,Lahore,31.5204,74.3587,84.5,94.1,815.0,66.9,15.6,15.0,162.0
2026-08-26 00:00:00+00:00,Lahore,31.5204,74.3587,105.2,119.7,860.0,102.3,21.8,3.0,161.0
2026-08-26 01:00:00+00:00,Lahore,31.5204,74.3587,104.3,120.6,1004.0,91.0,23.2,27.0,162.0
2026-08-26 02:00:00+00:00,Lahore,31.5204,74.3587,100.6,113.9,1195.0,74.8,25.2,61.0,162.0
2026-08-26 03:00:00+00:00,Lahore,31.5204,74.3587,81.3,99.9,1267.0,58.0,26.4,102.0,162.0
2026-08-26 04:00:00+00:00,Lahore,31.5204,74.3587,70.3,91.5,1103.0,40.1,26.4,155.0,162.0
2026-08-26 05:00:00+00:00,Lahore,31.5204,74.3587,65.0,88.5,819.0,21.6,25.6,213.0,162.0
2026-08-26 06:00:00+00:00,Lahore,31.5204,74.3587,60.5,85.4,599.0,8.4,24.2,254.0,163.0
2026-08-26 07:00:00+00:00,Lahore,31.5204,74.3587,56.1,80.6,512.0,3.7,21.9,266.0,163.0
2026-08-26 08:00:00+00:00,Lahore,31.5204,74.3587,53.0,76.4,489.0,4.3,19.0,260.0,163.0
2026-08-26 09:00:00+00:00,Lahore,31.5204,74.3587,49.9,72.4,500.0,5.9,16.6,249.0,164.0
2026-08-26 10:00:00+00:00,Lahore,31.5204,74.3587,47.7,69.4,436.0,4.1,14.9,239.0,186.0
2026-08-26 11:00:00+00:00,Lahore,31.5204,74.3587,45.6,66.6,407.0,3.4,13.8,223.0,206.0
2026-08-26 12:00:00+00:00,Lahore,31.5204,74.3587,44.8,64.0,710.0,13.1,14.0,196.0,214.0
2026-08-26 13:00:00+00:00,Lahore,31.5204,74.3587,49.9,66.6,1721.0,43.6,16.5,148.0,217.0
2026-08-26 14:00:00+00:00,Lahore,31.5204,74.3587,66.4,83.1,3065.0,84.6,20.3,89.0,213.0
2026-08-26 15:00:00+00:00,Lahore,31.5204,74.3587,82.7,99.4,3912.0,114.4,23.4,44.0,202.0
2026-08-26 16:00:00+00:00,Lahore,31.5204,74.3587,99.4,115.9,3838.0,123.1,25.0,25.0,168.0
2026-08-26 17:00:00+00:00,Lahore,31.5204,74.3587,105.9,121.5,3268.0,120.6,25.8,20.0,164.0
2026-08-26 18:00:00+00:00,Lahore,31.5204,74.3587,96.9,110.8,2647.0,115.4,25.7,18.0,165.0
2026-08-17 00:00:00+00:00,Peshawar,34.0151,71.5249,41.4,46.3,353.0,21.2,7.9,52.0,122.0
2026-08-17 01:00:00+00:00,Peshawar,34.0151,71.5249,46.2,50.4,435.0,20.1,9.1,68.0,119.0
2026-08-17 02:00:00+00:00,Peshawar,34.0151,71.5249,46.1,52.3,572.0,18.3,10.7,91.0,117.0
2026-08-17 03:00:00+00:00,Peshawar,34.0151,71.5249,39.6,51.2,659.0,15.9,11.7,114.0,114.0
2026-08-17 04:00:00+00:00,Peshawar,34.0151,71.5249,38.5,53.4,642.0,12.1,11.5,138.0,113.0
2026-08-17 05:00:00+00:00,Peshawar,34.0151,71.5249,38.3,54.1,575.0,7.6,10.6,162.0,112.0
2026-08-17 06:00:00+00:00,Peshawar,34.0151,71.5249,38.1,54.0,513.0,4.2,9.6,179.0,111.0
2026-08-17 07:00:00+00:00,Peshawar,34.0151,71.5249,35.6,50.4,471.0,2.9,8.7,185.0,111.0
2026-08-17 08:00:00+00:00,Peshawar,34.0151,71.5249,33.6,47.6,435.0,2.8,7.8,184.0,111.0
2026-08-17 09:00:00+00:00,Peshawar,34.0151,71.5249,32.1,45.6,412.0,3.1,7.0,180.0,111.0
2026-08-17 10:00:00+00:00,Peshawar,34.0151,71.5249,32.5,46.9,400.0,3.0,6.5,175.0,129.0
2026-08-17 11:00:00+00:00,Peshawar,34.0151,71.5249,32.6,47.0,401.0,3.2,6.1,166.0,147.0
2026-08-17 12:00:00+00:00,Peshawar,34.0151,71.5249,37.7,55.2,439.0,5.2,5.8,150.0,156.0
2026-08-17 13:00:00+00:00,Peshawar,34.0151,71.5249,38.9,54.8,550.0,12.3,6.4,131.0,158.0
2026-08-17 14:00:00+00:00,Peshawar,34.0151,71.5249,44.9,56.8,698.0,22.0,7.2,104.0,153.0
2026-08-17 15:00:00+00:00,Peshawar,34.0151,71.5249,49.2,60.5,788.0,29.6,8.0,82.0,138.0
2026-08-17 16:00:00+00:00,Peshawar,34.0151,71.5249,53.0,63.1,775.0,33.0,8.7,70.0,116.0
2026-08-17 17:00:00+00:00,Peshawar,34.0151,71.5249,56.2,65.4,705.0,34.2,9.3,64.0,115.0
2026-08-17 18:00:00+00:00,Peshawar,34.0151,71.5249,58.4,67.5,624.0,34.3,9.6,59.0,117.0
2026-08-17 19:00:00+00:00,Peshawar,34.0151,71.5249,57.6,66.1,537.0,33.7,9.5,54.0,118.0
2026-08-17 20:00:00+00:00,Peshawar,34.0151,71.5249,57.0,64.5,440.0,31.9,9.1,50.0,119.0
2026-08-17 21:00:00+00:00,Peshawar,34.0151,71.5249,57.4,65.0,366.0,29.3,8.7,50.0,120.0
2026-08-17 22:00:00+00:00,Peshawar,34.0151,71.5249,53.9,62.2,325.0,25.1,8.3,56.0,121.0
2026-08-17 23:00:00+00:00,Peshawar,34.0151,71.5249,52.6,59.8,307.0,19.9,8.0,65.0,122.0
2026-08-18 00:00:00+00:00,Peshawar,34.0151,71.5249,42.8,50.8,312.0,14.1,7.8,85.0,123.0
2026-08-18 01:00:00+00:00,Peshawar,34.0151,71.5249,41.2,48.7,355.0,14.4,8.1,89.0,123.0
2026-08-18 02:00:00+00:00,Peshawar,34.0151,71.5249,37.6,45.8,422.0,14.6,8.4,96.0,122.0
2026-08-18 03:00:00+00:00,Peshawar,34.0151,71.5249,30.9,40.5,468.0,13.9,8.6,108.0,122.0
2026-08-18 04:00:00+00:00,Peshawar,34.0151,71.5249,29.0,39.5,471.0,11.2,8.5,129.0,121.0
2026-08-18 05:00:00+00:00,Peshawar,34.0151,71.5249,29.7,41.8,454.0,7.4,8.4,156.0,120.0
2026-08-18 06:00:00+00:00,Peshawar,34.0151,71.5249,30.7,43.5,444.0,4.6,8.1,177.0,119.0
2026-08-18 07:00:00+00:00,Peshawar,34.0151,71.5249,32.2,46.2,454.0,3.5,7.8,189.0,118.0
2026-08-18 08:00:00+00:00,Peshawar,34.0151,71.5249,33.4,49.0,472.0,3.2,7.4,197.0,118.0
2026-08-18 09:00:00+00:00,Peshawar,34.0151,71.5249,34.0,50.9,489.0,3.4,7.1,200.0,118.0
2026-08-18 10:00:00+00:00,Peshawar,34.0151,71.5249,34.0,51.2,493.0,3.2,6.8,200.0,133.0
2026-08-18 11:00:00+00:00,Peshawar,34.0151,71.5249,33.9,50.9,497.0,3.4,6.5,196.0,154.0
2026-08-18 12:00:00+00:00,Peshawar,34.0151,71.5249,37.6,54.8,531.0,6.3,6.2,167.0,168.0
2026-08-18 13:00:00+00:00,Peshawar,34.0151,71.5249,39.7,53.4,641.0,14.2,6.8,144.0,174.0
2026-08-18 14:00:00+00:00,Peshawar,34.0151,71.5249,44.5,55.6,782.0,25.4,7.6,111.0,172.0
2026-08-18 15:00:00+00:00,Peshawar,34.0151,71.5249,50.5,60.8,849.0,35.0,8.3,83.0,161.0
2026-08-18 16:00:00+00:00,Peshawar,34.0151,71.5249,56.6,66.1,774.0,41.5,9.0,65.0,143.0
2026-08-18 17:00:00+00:00,Peshawar,34.0151,71.5249,62.2,71.0,626.0,46.6,9.6,52.0,119.0
2026-08-18 18:00:00+00:00,Peshawar,34.0151,71.5249,66.4,75.0,507.0,50.0,10.0,42.0,119.0
2026-08-18 19:00:00+00:00,Peshawar,34.0151,71.5249,69.6,78.9,459.0,51.9,9.9,34.0,120.0
2026-08-18 20:00:00+00:00,Peshawar,34.0151,71.5249,73.1,82.4,439.0,52.2,9.5,29.0,121.0
2026-08-18 21:00:00+00:00,Peshawar,34.0151,71.5249,73.8,81.7,421.0,50.9,9.0,26.0,123.0
2026-08-18 22:00:00+00:00,Peshawar,34.0151,71.5249,71.7,78.5,385.0,47.3,8.3,24.0,125.0
2026-08-18 23:00:00+00:00,Peshawar,34.0151,71.5249,69.2,76.4,350.0,42.0,7.4,24.0,127.0
2026-08-19 00:00:00+00:00,Peshawar,34.0151,71.5249,71.9,79.9,354.0,44.4,7.2,22.0,128.0
2026-08-19 01:00:00+00:00,Peshawar,34.0151,71.5249,72.6,80.6,436.0,40.8,8.6,39.0,131.0
2026-08-19 02:00:00+00:00,Peshawar,34.0151,71.5249,72.9,78.9,556.0,35.5,10.5,64.0,135.0
2026-08-19 03:00:00+00:00,Peshawar,34.0151,71.5249,65.4,76.4,631.0,29.3,11.8,94.0,138.0
2026-08-19 04:00:00+00:00,Peshawar,34.0151,71.5249,61.2,77.5,615.0,21.4,12.1,135.0,142.0
2026-08-19 05:00:00+00:00,Peshawar,34.0151,71.5249,59.8,81.5,553.0,12.6,11.9,180.0,145.0
2026-08-19 06:00:00+00:00,Peshawar,34.0151,71.5249,58.0,85.2,498.0,6.1,11.3,212.0,148.0
2026-08-19 07:00:00+00:00,Peshawar,34.0151,71.5249,57.5,90.3,464.0,3.6,10.2,220.0,150.0
2026-08-19 08:00:00+00:00,Peshawar,34.0151,71.5249,56.3,92.0,437.0,3.4,8.7,215.0,151.0
2026-08-19 09:00:00+00:00,Peshawar,34.0151,71.5249,53.8,89.6,428.0,3.7,7.5,204.0,152.0
2026-08-19 10:00:00+00:00,Peshawar,34.0151,71.5249,55.3,95.5,431.0,3.5,6.8,191.0,152.0
2026-08-19 11:00:00+00:00,Peshawar,34.0151,71.5249,50.9,87.8,452.0,3.9,6.3,173.0,169.0
2026-08-19 12:00:00+00:00,Peshawar,34.0151,71.5249,68.9,120.1,519.0,6.3,6.4,143.0,181.0
2026-08-19 13:00:00+00:00,Peshawar,34.0151,71.5249,62.4,96.4,691.0,8.5,6.8,134.0,183.0
2026-08-19 14:00:00+00:00,Peshawar,34.0151,71.5249,60.8,91.7,909.0,11.6,7.3,121.0,175.0
2026-08-19 15:00:00+00:00,Peshawar,34.0151,71.5249,60.1,88.9,1018.0,14.6,7.8,109.0,161.0
2026-08-19 16:00:00+00:00,Peshawar,34.0151,71.5249,66.8,97.6,920.0,17.4,8.3,99.0,156.0
2026-08-19 17:00:00+00:00,Peshawar,34.0151,71.5249,63.1,87.3,713.0,19.9,8.8,89.0,156.0
2026-08-19 18:00:00+00:00,Peshawar,34.0151,71.5249,57.4,77.3,544.0,21.4,9.1,81.0,156.0
2026-08-19 19:00:00+00:00,Peshawar,34.0151,71.5249,53.6,71.5,471.0,21.1,9.0,75.0,156.0
2026-08-19 20:00:00+00:00,Peshawar,34.0151,71.5249,53.2,70.8,435.0,19.6,8.7,70.0,155.0
2026-08-19 21:00:00+00:00,Peshawar,34.0151,71.5249,53.0,68.0,405.0,18.0,8.5,68.0,155.0
2026-08-19 22:00:00+00:00,Peshawar,34.0151,71.5249,48.9,64.0,364.0,16.1,8.4,68.0,154.0
2026-08-19 23:00:00+00:00,Peshawar,34.0151,71.5249,41.6,54.5,329.0,14.1,8.4,70.0,154.0
2026-08-20 00:00:00+00:00,Peshawar,34.0151,71.5249,40.6,56.5,322.0,12.1,9.6,81.0,153.0
2026-08-20 01:00:00+00:00,Peshawar,34.0151,71.5249,38.3,53.0,368.0,14.5,9.4,79.0,152.0
2026-08-20 02:00:00+00:00,Peshawar,34.0151,71.5249,34.6,51.3,442.0,17.7,9.2,77.0,151.0
2026-08-20 03:00:00+00:00,Peshawar,34.0151,71.5249,32.9,47.8,496.0,19.1,8.9,80.0,149.0
2026-08-20 04:00:00+00:00,Peshawar,34.0151,71.5249,32.0,48.0,510.0,16.9,8.6,90.0,146.0
2026-08-20 05:00:00+00:00,Peshawar,34.0151,71.5249,30.6,51.6,503.0,12.8,8.3,105.0,142.0
2026-08-20 06:00:00+00:00,Peshawar,34.0151,71.5249,29.3,52.5,489.0,9.4,8.0,118.0,139.0
2026-08-20 07:00:00+00:00,Peshawar,34.0151,71.5249,28.5,51.5,465.0,7.5,7.8,127.0,136.0
2026-08-20 08:00:00+00:00,Peshawar,34.0151,71.5249,31.0,56.0,434.0,6.4,7.7,135.0,133.0
2026-08-20 09:00:00+00:00,Peshawar,34.0151,71.5249,34.6,62.9,413.0,5.8,7.6,141.0,131.0
2026-08-20 10:00:00+00:00,Peshawar,34.0151,71.5249,39.1,70.5,399.0,4.9,7.3,147.0,129.0
2026-08-20 11:00:00+00:00,Peshawar,34.0151,71.5249,41.8,74.5,395.0,4.7,7.0,150.0,127.0
2026-08-20 12:00:00+00:00,Peshawar,34.0151,71.5249,43.0,80.1,433.0,6.6,6.3,144.0,126.0
2026-08-20 13:00:00+00:00,Peshawar,34.0151,71.5249,46.3,75.0,555.0,16.3,6.9,121.0,123.0
2026-08-20 14:00:00+00:00,Peshawar,34.0151,71.5249,51.2,75.4,719.0,29.8,7.9,90.0,122.0
2026-08-20 15:00:00+00:00,Peshawar,34.0151,71.5249,57.4,80.3,829.0,40.3,8.7,65.0,121.0
2026-08-20 16:00:00+00:00,Peshawar,34.0151,71.5249,61.5,85.2,838.0,45.5,9.4,53.0,120.0
2026-08-20 17:00:00+00:00,Peshawar,34.0151,71.5249,65.4,90.1,793.0,47.7,10.1,47.0,120.0
2026-08-20 18:00:00+00:00,Peshawar,34.0151,71.5249,70.8,96.6,744.0,46.9,10.5,46.0,120.0
2026-08-20 19:00:00+00:00,Peshawar,34.0151,71.5249,75.4,103.4,700.0,41.6,10.4,52.0,122.0
2026-08-20 20:00:00+00:00,Peshawar,34.0151,71.5249,75.2,105.0,652.0,33.3,10.1,62.0,124.0
2026-08-20 21:00:00+00:00,Peshawar,34.0151,71.5249,68.5,104.5,621.0,26.5,9.8,69.0,126.0
2026-08-20 22:00:00+00:00,Peshawar,34.0151,71.5249,63.6,98.3,622.0,23.1,9.5,68.0,128.0
2026-08-20 23:00:00+00:00,Peshawar,34.0151,71.5249,62.6,91.0,641.0,21.1,9.3,63.0,129.0
2026-08-21 00:00:00+00:00,Peshawar,34.0151,71.5249,54.9,83.8,658.0,19.2,9.9,75.0,131.0
2026-08-21 01:00:00+00:00,Peshawar,34.0151,71.5249,57.0,86.8,674.0,18.1,10.4,85.0,133.0
2026-08-21 02:00:00+00:00,Peshawar,34.0151,71.5249,50.1,79.6,688.0,16.4,11.0,99.0,135.0
2026-08-21 03:00:00+00:00,Peshawar,34.0151,71.5249,42.5,73.1,682.0,14.2,11.1,114.0,137.0
2026-08-21 04:00:00+00:00,Peshawar,34.0151,71.5249,39.3,67.5,639.0,11.0,10.3,128.0,138.0
2026-08-21 05:00:00+00:00,Peshawar,34.0151,71.5249,35.9,61.2,577.0,7.4,9.0,143.0,138.0
2026-08-21 06:00:00+00:00,Peshawar,34.0151,71.5249,30.9,52.2,524.0,4.6,7.9,155.0,139.0
2026-08-21 07:00:00+00:00,Peshawar,34.0151,71.5249,28.2,46.8,489.0,3.4,7.2,164.0,139.0
2026-08-21 08:00:00+00:00,Peshawar,34.0151,71.5249,26.8,43.4,463.0,3.0,6.6,170.0,139.0
2026-08-21 09:00:00+00:00,Peshawar,34.0151,71.5249,25.3,39.9,456.0,3.2,6.2,172.0,139.0
2026-08-21 10:00:00+00:00,Peshawar,34.0151,71.5249,24.4,37.6,458.0,2.7,5.8,171.0,138.0
2026-08-21 11:00:00+00:00,Peshawar,34.0151,71.5249,23.9,36.1,477.0,2.7,5.5,166.0,136.0
2026-08-21 12:00:00+00:00,Peshawar,34.0151,71.5249,26.3,43.0,549.0,6.0,5.5,142.0,136.0
2026-08-21 13:00:00+00:00,Peshawar,34.0151,71.5249,29.5,41.0,745.0,17.2,6.3,118.0,139.0
2026-08-21 14:00:00+00:00,Peshawar,34.0151,71.5249,37.6,48.3,994.0,32.7,7.5,85.0,134.0
2026-08-21 15:00:00+00:00,Peshawar,34.0151,71.5249,43.9,54.6,1112.0,44.7,8.4,58.0,129.0
2026-08-21 16:00:00+00:00,Peshawar,34.0151,71.5249,48.2,59.0,979.0,49.7,9.0,45.0,128.0
2026-08-21 17:00:00+00:00,Peshawar,34.0151,71.5249,53.4,64.5,715.0,51.1,9.4,38.0,126.0
2026-08-21 18:00:00+00:00,Peshawar,34.0151,71.5249,56.8,67.8,498.0,51.6,9.5,33.0,125.0
2026-08-21 19:00:00+00:00,Peshawar,34.0151,71.5249,59.3,69.4,395.0,52.7,9.0,26.0,124.0
2026-08-21 20:00:00+00:00,Peshawar,34.0151,71.5249,61.2,71.2,339.0,52.9,8.2,21.0,122.0
2026-08-21 21:00:00+00:00,Peshawar,34.0151,71.5249,63.8,74.3,308.0,50.1,7.6,22.0,121.0
2026-08-21 22:00:00+00:00,Peshawar,34.0151,71.5249,61.9,76.1,297.0,41.7,7.4,33.0,120.0
2026-08-21 23:00:00+00:00,Peshawar,34.0151,71.5249,44.2,57.6,310.0,30.3,7.4,51.0,120.0
2026-08-22 00:00:00+00:00,Peshawar,34.0151,71.5249,71.9,85.2,338.0,51.4,8.4,14.0,118.0
2026-08-22 01:00:00+00:00,Peshawar,34.0151,71.5249,74.3,89.2,392.0,42.8,9.6,37.0,120.0
2026-08-22 02:00:00+00:00,Peshawar,34.0151,71.5249,63.1,75.9,462.0,30.7,11.1,69.0,122.0
2026-08-22 03:00:00+00:00,Peshawar,34.0151,71.5249,50.4,72.2,506.0,20.3,11.9,100.0,123.0
2026-08-22 04:00:00+00:00,Peshawar,34.0151,71.5249,39.5,61.5,501.0,13.2,11.1,130.0,124.0
2026-08-22 05:00:00+00:00,Peshawar,34.0151,71.5249,36.9,58.4,470.0,7.8,9.5,159.0,124.0
2026-08-22 06:00:00+00:00,Peshawar,34.0151,71.5249,36.0,56.5,445.0,4.2,8.2,180.0,124.0
2026-08-22 07:00:00+00:00,Peshawar,34.0151,71.5249,34.2,53.7,434.0,2.6,7.5,188.0,124.0
2026-08-22 08:00:00+00:00,Peshawar,34.0151,71.5249,33.2,51.9,428.0,2.8,7.0,186.0,125.0
2026-08-22 09:00:00+00:00,Peshawar,34.0151,71.5249,32.0,50.1,436.0,3.8,6.6,181.0,126.0
2026-08-22 10:00:00+00:00,Peshawar,34.0151,71.5249,31.0,48.4,432.0,3.4,6.1,174.0,126.0
2026-08-22 11:00:00+00:00,Peshawar,34.0151,71.5249,31.7,46.2,442.0,3.7,5.8,163.0,143.0
2026-08-22 12:00:00+00:00,Peshawar,34.0151,71.5249,30.2,42.5,550.0,12.4,5.4,139.0,154.0
2026-08-22 13:00:00+00:00,Peshawar,34.0151,71.5249,35.3,45.8,895.0,31.0,6.3,107.0,156.0
2026-08-22 14:00:00+00:00,Peshawar,34.0151,71.5249,46.6,54.4,1338.0,56.6,7.6,62.0,147.0
2026-08-22 15:00:00+00:00,Peshawar,34.0151,71.5249,57.2,64.7,1552.0,75.4,8.6,28.0,130.0
2026-08-22 16:00:00+00:00,Peshawar,34.0151,71.5249,62.2,70.5,1318.0,82.3,9.3,13.0,131.0
2026-08-22 17:00:00+00:00,Peshawar,34.0151,71.5249,67.8,75.9,855.0,82.5,9.9,8.0,133.0
2026-08-22 18:00:00+00:00,Peshawar,34.0151,71.5249,72.2,80.8,492.0,76.8,9.8,12.0,134.0
2026-08-22 19:00:00+00:00,Peshawar,34.0151,71.5249,72.2,82.0,362.0,62.4,8.8,28.0,136.0
2026-08-22 20:00:00+00:00,Peshawar,34.0151,71.5249,61.9,73.8,331.0,42.2,7.2,53.0,137.0
2026-08-22 21:00:00+00:00,Peshawar,34.0151,71.5249,45.6,57.9,326.0,26.4,5.9,70.0,137.0
2026-08-22 22:00:00+00:00,Peshawar,34.0151,71.5249,34.3,43.1,330.0,19.4,5.3,72.0,135.0
2026-08-22 23:00:00+00:00,Peshawar,34.0151,71.5249,16.2,20.6,361.0,16.8,5.1,66.0,132.0
2026-08-23 00:00:00+00:00,Peshawar,34.0151,71.5249,19.2,23.5,396.0,19.7,5.1,55.0,130.0
2026-08-23 01:00:00+00:00,Peshawar,34.0151,71.5249,27.4,36.1,439.0,17.8,5.4,68.0,124.0
2026-08-23 02:00:00+00:00,Peshawar,34.0151,71.5249,23.7,31.0,486.0,15.0,5.7,86.0,119.0
2026-08-23 03:00:00+00:00,Peshawar,34.0151,71.5249,22.3,32.1,508.0,12.1,5.9,105.0,115.0
2026-08-23 04:00:00+00:00,Peshawar,34.0151,71.5249,19.2,30.2,485.0,9.0,5.8,124.0,112.0
2026-08-23 05:00:00+00:00,Peshawar,34.0151,71.5249,22.6,36.0,436.0,5.9,5.5,144.0,110.0
2026-08-23 06:00:00+00:00,Peshawar,34.0151,71.5249,22.2,34.8,395.0,3.6,5.2,158.0,109.0
2026-08-23 07:00:00+00:00,Peshawar,34.0151,71.5249,23.7,36.4,370.0,2.6,4.9,164.0,107.0
2026-08-23 08:00:00+00:00,Peshawar,34.0151,71.5249,23.6,35.0,352.0,2.4,4.7,166.0,106.0
2026-08-23 09:00:00+00:00,Peshawar,34.0151,71.5249,22.4,33.1,345.0,2.8,4.5,165.0,105.0
2026-08-23 10:00:00+00:00,Peshawar,34.0151,71.5249,22.1,31.8,311.0,1.8,4.3,165.0,104.0
2026-08-23 11:00:00+00:00,Peshawar,34.0151,71.5249,23.3,31.9,288.0,1.3,4.2,163.0,120.0
2026-08-23 12:00:00+00:00,Peshawar,34.0151,71.5249,19.2,25.8,400.0,4.9,4.1,150.0,132.0
2026-08-23 13:00:00+00:00,Peshawar,34.0151,71.5249,23.5,28.8,776.0,17.9,5.4,126.0,138.0
2026-08-23 14:00:00+00:00,Peshawar,34.0151,71.5249,33.9,38.1,1286.0,35.9,7.2,91.0,134.0
2026-08-23 15:00:00+00:00,Peshawar,34.0151,71.5249,43.9,48.0,1662.0,50.3,8.6,62.0,120.0
2026-08-23 16:00:00+00:00,Peshawar,34.0151,71.5249,55.4,59.6,1793.0,58.1,9.2,42.0,98.0
2026-08-23 17:00:00+00:00,Peshawar,34.0151,71.5249,63.1,66.8,1789.0,62.3,9.4,27.0,97.0
2026-08-23 18:00:00+00:00,Peshawar,34.0151,71.5249,65.9,69.4,1711.0,63.3,9.2,16.0,97.0
2026-08-23 19:00:00+00:00,Peshawar,34.0151,71.5249,65.2,68.7,1545.0,60.0,8.3,12.0,96.0
2026-08-23 20:00:00+00:00,Peshawar,34.0151,71.5249,62.9,66.6,1304.0,53.5,6.9,12.0,96.0
2026-08-23 21:00:00+00:00,Peshawar,34.0151,71.5249,60.3,64.0,1087.0,47.4,5.7,13.0,96.0
2026-08-23 22:00:00+00:00,Peshawar,34.0151,71.5249,57.3,61.2,902.0,42.8,4.9,10.0,97.0
2026-08-23 23:00:00+00:00,Peshawar,34.0151,71.5249,54.5,58.7,740.0,38.7,4.4,7.0,99.0
2026-08-24 00:00:00+00:00,Peshawar,34.0151,71.5249,53.0,56.9,674.0,42.2,5.3,10.0,103.0
2026-08-24 01:00:00+00:00,Peshawar,34.0151,71.5249,52.3,56.7,789.0,39.5,5.8,23.0,106.0
2026-08-24 02:00:00+00:00,Peshawar,34.0151,71.5249,53.2,56.6,999.0,35.5,6.4,43.0,109.0
2026-08-24 03:00:00+00:00,Peshawar,34.0151,71.5249,48.1,55.2,1119.0,30.0,6.9,71.0,112.0
2026-08-24 04:00:00+00:00,Peshawar,34.0151,71.5249,38.0,50.1,1053.0,21.6,7.1,115.0,114.0
2026-08-24 05:00:00+00:00,Peshawar,34.0151,71.5249,33.9,49.8,898.0,11.8,7.2,168.0,116.0
2026-08-24 06:00:00+00:00,Peshawar,34.0151,71.5249,32.1,52.3,755.0,4.6,7.0,205.0,118.0
2026-08-24 07:00:00+00:00,Peshawar,34.0151,71.5249,30.9,54.6,651.0,2.2,6.4,216.0,119.0
2026-08-24 08:00:00+00:00,Peshawar,34.0151,71.5249,30.2,55.9,559.0,2.5,5.5,212.0,119.0
2026-08-24 09:00:00+00:00,Peshawar,34.0151,71.5249,29.1,55.4,508.0,3.4,4.8,205.0,120.0
2026-08-24 10:00:00+00:00,Peshawar,34.0151,71.5249,28.2,54.1,455.0,2.4,4.4,202.0,129.0
2026-08-24 11:00:00+00:00,Peshawar,34.0151,71.5249,27.3,52.4,442.0,1.9,4.2,196.0,160.0
2026-08-24 12:00:00+00:00,Peshawar,34.0151,71.5249,18.5,31.3,622.0,9.3,4.3,170.0,180.0
2026-08-24 13:00:00+00:00,Peshawar,34.0151,71.5249,22.4,31.8,1217.0,24.8,5.5,138.0,188.0
2026-08-24 14:00:00+00:00,Peshawar,34.0151,71.5249,32.8,42.5,2005.0,46.2,7.3,94.0,184.0
2026-08-24 15:00:00+00:00,Peshawar,34.0151,71.5249,43.4,53.3,2475.0,62.3,8.6,58.0,166.0
2026-08-24 16:00:00+00:00,Peshawar,34.0151,71.5249,48.7,58.6,2318.0,68.5,9.4,39.0,138.0
2026-08-24 17:00:00+00:00,Peshawar,34.0151,71.5249,52.4,61.9,1842.0,69.5,9.8,28.0,121.0
2026-08-24 18:00:00+00:00,Peshawar,34.0151,71.5249,55.8,63.1,1462.0,68.0,9.6,21.0,120.0
2026-08-24 19:00:00+00:00,Peshawar,34.0151,71.5249,55.2,59.3,1350.0,63.8,8.5,16.0,119.0
2026-08-24 20:00:00+00:00,Peshawar,34.0151,71.5249,51.9,54.8,1335.0,57.0,6.9,14.0,118.0
2026-08-24 21:00:00+00:00,Peshawar,34.0151,71.5249,49.2,51.8,1311.0,51.0,5.6,13.0,116.0
2026-08-24 22:00:00+00:00,Peshawar,34.0151,71.5249,47.6,50.2,1230.0,47.2,4.8,9.0,115.0
2026-08-24 23:00:00+00:00,Peshawar,34.0151,71.5249,46.4,49.0,1141.0,44.2,4.3,5.0,114.0
2026-08-25 00:00:00+00:00,Peshawar,34.0151,71.5249,51.5,55.3,1091.0,43.3,5.5,14.0,113.0
2026-08-25 01:00:00+00:00,Peshawar,34.0151,71.5249,50.6,54.6,1131.0,40.1,6.8,35.0,113.0
2026-08-25 02:00:00+00:00,Peshawar,34.0151,71.5249,52.9,56.5,1210.0,35.3,8.5,65.0,113.0
2026-08-25 03:00:00+00:00,Peshawar,34.0151,71.5249,41.3,47.0,1222.0,29.3,9.7,98.0,113.0
2026-08-25 04:00:00+00:00,Peshawar,34.0151,71.5249,33.4,41.7,1096.0,21.1,9.8,135.0,112.0
2026-08-25 05:00:00+00:00,Peshawar,34.0151,71.5249,29.6,39.6,903.0,11.7,9.4,175.0,112.0
2026-08-25 06:00:00+00:00,Peshawar,34.0151,71.5249,25.4,35.7,746.0,4.9,8.7,203.0,111.0
2026-08-25 07:00:00+00:00,Peshawar,34.0151,71.5249,24.7,35.9,664.0,2.5,7.8,212.0,111.0
2026-08-25 08:00:00+00:00,Peshawar,34.0151,71.5249,23.0,32.9,619.0,2.6,6.7,208.0,110.0
2026-08-25 09:00:00+00:00,Peshawar,34.0151,71.5249,22.2,31.8,597.0,3.4,5.8,201.0,109.0
2026-08-25 10:00:00+00:00,Peshawar,34.0151,71.5249,21.3,30.9,576.0,3.0,5.1,194.0,142.0
2026-08-25 11:00:00+00:00,Peshawar,34.0151,71.5249,20.8,30.5,579.0,3.3,4.7,183.0,165.0
2026-08-25 12:00:00+00:00,Peshawar,34.0151,71.5249,18.3,26.1,655.0,7.6,4.8,162.0,178.0
2026-08-25 13:00:00+00:00,Peshawar,34.0151,71.5249,22.8,28.8,879.0,23.0,5.8,130.0,183.0
2026-08-25 14:00:00+00:00,Peshawar,34.0151,71.5249,33.3,39.5,1176.0,44.3,7.2,85.0,176.0
2026-08-25 15:00:00+00:00,Peshawar,34.0151,71.5249,42.0,48.7,1376.0,60.4,8.5,50.0,157.0
2026-08-25 16:00:00+00:00,Peshawar,34.0151,71.5249,47.4,54.8,1386.0,66.8,9.5,34.0,125.0
2026-08-25 17:00:00+00:00,Peshawar,34.0151,71.5249,52.3,60.8,1300.0,67.9,10.4,27.0,107.0
2026-08-25 18:00:00+00:00,Peshawar,34.0151,71.5249,56.5,65.4,1225.0,66.5,10.6,23.0,107.0
2026-08-25 19:00:00+00:00,Peshawar,34.0151,71.5249,57.7,64.0,1205.0,62.0,9.6,20.0,107.0
2026-08-25 20:00:00+00:00,Peshawar,34.0151,71.5249,56.2,60.8,1196.0,55.0,7.8,20.0,107.0
2026-08-25 21:00:00+00:00,Peshawar,34.0151,71.5249,53.8,57.7,1181.0,49.1,6.5,19.0,108.0
2026-08-25 22:00:00+00:00,Peshawar,34.0151,71.5249,51.5,55.3,1140.0,46.4,5.8,14.0,108.0
2026-08-25 23:00:00+00:00,Peshawar,34.0151,71.5249,49.4,53.2,1092.0,44.9,5.6,9.0,109.0
2026-08-26 00:00:00+00:00,Peshawar,34.0151,71.5249,58.0,62.9,1074.0,44.6,6.1,14.0,109.0
2026-08-26 01:00:00+00:00,Peshawar,34.0151,71.5249,58.3,63.3,1132.0,41.5,7.7,35.0,110.0
2026-08-26 02:00:00+00:00,Peshawar,34.0151,71.5249,61.5,65.9,1221.0,36.9,9.8,64.0,110.0
2026-08-26 03:00:00+00:00,Peshawar,34.0151,71.5249,46.8,54.9,1239.0,30.9,11.2,96.0,111.0
2026-08-26 04:00:00+00:00,Peshawar,34.0151,71.5249,38.0,49.8,1118.0,22.3,11.2,132.0,112.0
2026-08-26 05:00:00+00:00,Peshawar,34.0151,71.5249,34.8,50.2,928.0,12.3,10.4,171.0,112.0
2026-08-26 06:00:00+00:00,Peshawar,34.0151,71.5249,32.6,49.6,773.0,5.1,9.6,198.0,113.0
2026-08-26 07:00:00+00:00,Peshawar,34.0151,71.5249,31.2,47.8,697.0,2.5,8.8,208.0,114.0
2026-08-26 08:00:00+00:00,Peshawar,34.0151,71.5249,30.6,46.8,657.0,2.7,7.8,207.0,114.0
2026-08-26 09:00:00+00:00,Peshawar,34.0151,71.5249,30.3,46.2,632.0,3.6,7.1,202.0,115.0
2026-08-26 10:00:00+00:00,Peshawar,34.0151,71.5249,30.4,46.6,584.0,3.5,6.6,197.0,138.0
2026-08-26 11:00:00+00:00,Peshawar,34.0151,71.5249,30.7,47.3,551.0,4.2,6.4,187.0,162.0
2026-08-26 12:00:00+00:00,Peshawar,34.0151,71.5249,32.0,48.2,619.0,9.3,6.5,169.0,177.0
2026-08-26 13:00:00+00:00,Peshawar,34.0151,71.5249,37.3,50.1,894.0,22.6,7.2,136.0,183.0
2026-08-26 14:00:00+00:00,Peshawar,34.0151,71.5249,46.1,57.2,1270.0,40.3,8.2,94.0,177.0
2026-08-26 15:00:00+00:00,Peshawar,34.0151,71.5249,52.3,62.9,1519.0,54.7,9.3,61.0,161.0
2026-08-26 16:00:00+00:00,Peshawar,34.0151,71.5249,58.6,69.6,1510.0,63.4,10.5,43.0,133.0
2026-08-26 17:00:00+00:00,Peshawar,34.0151,71.5249,65.0,76.8,1374.0,68.8,11.7,33.0,124.0
2026-08-26 18:00:00+00:00,Peshawar,34.0151,71.5249,70.5,82.2,1275.0,70.8,12.2,26.0,126.0
2026-08-17 00:00:00+00:00,Rawalpindi,33.5651,73.0169,28.2,33.1,350.0,16.4,4.0,63.0,123.0
2026-08-17 01:00:00+00:00,Rawalpindi,33.5651,73.0169,14.2,16.1,540.0,18.1,4.6,70.0,120.0
2026-08-17 02:00:00+00:00,Rawalpindi,33.5651,73.0169,17.3,19.9,821.0,20.4,5.5,82.0,114.0
2026-08-17 03:00:00+00:00,Rawalpindi,33.5651,73.0169,25.0,30.6,979.0,20.5,6.9,98.0,110.0
2026-08-17 04:00:00+00:00,Rawalpindi,33.5651,73.0169,28.5,36.2,885.0,16.6,9.5,124.0,107.0
2026-08-17 05:00:00+00:00,Rawalpindi,33.5651,73.0169,30.7,39.6,667.0,10.6,12.6,155.0,106.0
2026-08-17 06:00:00+00:00,Rawalpindi,33.5651,73.0169,31.9,41.0,494.0,6.1,14.6,178.0,104.0
2026-08-17 07:00:00+00:00,Rawalpindi,33.5651,73.0169,32.8,41.8,427.0,4.2,14.7,188.0,103.0
2026-08-17 08:00:00+00:00,Rawalpindi,33.5651,73.0169,33.1,42.1,404.0,3.9,13.8,189.0,103.0
2026-08-17 09:00:00+00:00,Rawalpindi,33.5651,73.0169,31.9,40.9,416.0,5.3,12.8,184.0,102.0
2026-08-17 10:00:00+00:00,Rawalpindi,33.5651,73.0169,29.5,38.0,441.0,8.8,12.1,172.0,121.0
2026-08-17 11:00:00+00:00,Rawalpindi,33.5651,73.0169,29.4,38.1,501.0,14.1,11.3,153.0,140.0
2026-08-17 12:00:00+00:00,Rawalpindi,33.5651,73.0169,40.0,55.5,643.0,18.7,8.6,130.0,152.0
2026-08-17 13:00:00+00:00,Rawalpindi,33.5651,73.0169,42.3,54.8,938.0,33.1,8.8,105.0,153.0
2026-08-17 14:00:00+00:00,Rawalpindi,33.5651,73.0169,48.0,57.4,1316.0,52.7,9.0,70.0,143.0
2026-08-17 15:00:00+00:00,Rawalpindi,33.5651,73.0169,48.5,56.7,1619.0,66.3,9.0,43.0,120.0
2026-08-17 16:00:00+00:00,Rawalpindi,33.5651,73.0169,51.7,60.1,1817.0,69.0,8.5,31.0,100.0
2026-08-17 17:00:00+00:00,Rawalpindi,33.5651,73.0169,55.5,63.8,1940.0,65.6,7.7,28.0,100.0
2026-08-17 18:00:00+00:00,Rawalpindi,33.5651,73.0169,58.7,66.6,1914.0,59.0,6.9,31.0,101.0
2026-08-17 19:00:00+00:00,Rawalpindi,33.5651,73.0169,54.5,62.4,1640.0,48.2,5.9,41.0,102.0
2026-08-17 20:00:00+00:00,Rawalpindi,33.5651,73.0169,49.7,58.3,1216.0,34.1,4.9,57.0,103.0
2026-08-17 21:00:00+00:00,Rawalpindi,33.5651,73.0169,26.5,32.1,868.0,22.6,4.2,72.0,103.0
2026-08-17 22:00:00+00:00,Rawalpindi,33.5651,73.0169,29.7,37.3,656.0,15.6,4.1,85.0,102.0
2026-08-17 23:00:00+00:00,Rawalpindi,33.5651,73.0169,30.5,39.7,519.0,11.1,4.3,98.0,102.0
2026-08-18 00:00:00+00:00,Rawalpindi,33.5651,73.0169,22.2,30.0,499.0,10.3,6.0,104.0,102.0
2026-08-18 01:00:00+00:00,Rawalpindi,33.5651,73.0169,25.3,31.9,695.0,15.8,6.2,96.0,101.0
2026-08-18 02:00:00+00:00,Rawalpindi,33.5651,73.0169,29.6,36.9,1008.0,23.1,6.5,85.0,102.0
2026-08-18 03:00:00+00:00,Rawalpindi,33.5651,73.0169,29.2,37.7,1186.0,26.5,7.4,86.0,103.0
2026-08-18 04:00:00+00:00,Rawalpindi,33.5651,73.0169,27.0,37.4,1089.0,22.2,9.6,108.0,104.0
2026-08-18 05:00:00+00:00,Rawalpindi,33.5651,73.0169,26.7,40.3,856.0,13.9,12.3,140.0,104.0
2026-08-18 06:00:00+00:00,Rawalpindi,33.5651,73.0169,27.1,39.9,653.0,7.6,14.1,167.0,103.0
2026-08-18 07:00:00+00:00,Rawalpindi,33.5651,73.0169,27.9,39.8,503.0,5.3,14.0,182.0,103.0
2026-08-18 08:00:00+00:00,Rawalpindi,33.5651,73.0169,29.0,40.9,382.0,4.9,13.0,190.0,102.0
2026-08-18 09:00:00+00:00,Rawalpindi,33.5651,73.0169,30.2,42.4,386.0,5.6,12.3,194.0,102.0
2026-08-18 10:00:00+00:00,Rawalpindi,33.5651,73.0169,30.9,43.5,607.0,4.8,12.3,195.0,112.0
2026-08-18 11:00:00+00:00,Rawalpindi,33.5651,73.0169,31.2,44.6,952.0,5.1,12.7,191.0,135.0
2026-08-18 12:00:00+00:00,Rawalpindi,33.5651,73.0169,46.7,65.2,1237.0,15.4,13.7,165.0,155.0
2026-08-18 13:00:00+00:00,Rawalpindi,33.5651,73.0169,54.1,70.3,1417.0,35.3,13.4,130.0,165.0
2026-08-18 14:00:00+00:00,Rawalpindi,33.5651,73.0169,63.1,79.4,1537.0,62.5,13.0,81.0,163.0
2026-08-18 15:00:00+00:00,Rawalpindi,33.5651,73.0169,61.5,75.7,1553.0,80.9,12.4,45.0,149.0
2026-08-18 16:00:00+00:00,Rawalpindi,33.5651,73.0169,61.9,75.7,1413.0,82.4,11.6,33.0,120.0
2026-08-18 17:00:00+00:00,Rawalpindi,33.5651,73.0169,62.9,75.2,1168.0,75.1,10.6,33.0,108.0
2026-08-18 18:00:00+00:00,Rawalpindi,33.5651,73.0169,61.7,73.8,931.0,66.8,9.7,35.0,109.0
2026-08-18 19:00:00+00:00,Rawalpindi,33.5651,73.0169,60.1,72.6,721.0,59.3,8.8,37.0,109.0
2026-08-18 20:00:00+00:00,Rawalpindi,33.5651,73.0169,58.6,71.0,519.0,50.8,8.1,42.0,110.0
2026-08-18 21:00:00+00:00,Rawalpindi,33.5651,73.0169,58.1,71.0,375.0,43.3,7.5,46.0,111.0
2026-08-18 22:00:00+00:00,Rawalpindi,33.5651,73.0169,58.9,72.4,313.0,37.6,7.1,48.0,114.0
2026-08-18 23:00:00+00:00,Rawalpindi,33.5651,73.0169,58.9,72.4,310.0,32.8,7.0,50.0,117.0
2026-08-19 00:00:00+00:00,Rawalpindi,33.5651,73.0169,36.4,46.7,346.0,17.9,6.0,73.0,120.0
2026-08-19 01:00:00+00:00,Rawalpindi,33.5651,73.0169,35.6,43.0,450.0,17.7,6.9,79.0,121.0
2026-08-19 02:00:00+00:00,Rawalpindi,33.5651,73.0169,28.7,36.3,594.0,17.3,8.3,88.0,122.0
2026-08-19 03:00:00+00:00,Rawalpindi,33.5651,73.0169,22.3,32.9,676.0,16.2,9.9,100.0,122.0
2026-08-19 04:00:00+00:00,Rawalpindi,33.5651,73.0169,23.1,35.0,634.0,13.9,11.9,115.0,122.0
2026-08-19 05:00:00+00:00,Rawalpindi,33.5651,73.0169,27.5,44.0,530.0,10.8,14.1,133.0,121.0
2026-08-19 06:00:00+00:00,Rawalpindi,33.5651,73.0169,29.0,46.4,445.0,8.4,15.5,148.0,121.0
2026-08-19 07:00:00+00:00,Rawalpindi,33.5651,73.0169,32.8,53.4,399.0,6.5,15.8,162.0,121.0
2026-08-19 08:00:00+00:00,Rawalpindi,33.5651,73.0169,33.9,56.3,372.0,5.3,15.3,173.0,122.0
2026-08-19 09:00:00+00:00,Rawalpindi,33.5651,73.0169,36.0,61.5,380.0,5.8,14.4,175.0,123.0
2026-08-19 10:00:00+00:00,Rawalpindi,33.5651,73.0169,37.0,65.0,426.0,8.1,12.7,164.0,123.0
2026-08-19 11:00:00+00:00,Rawalpindi,33.5651,73.0169,34.7,58.9,508.0,12.2,10.5,145.0,124.0
2026-08-19 12:00:00+00:00,Rawalpindi,33.5651,73.0169,41.4,64.7,639.0,20.4,8.1,101.0,125.0
2026-08-19 13:00:00+00:00,Rawalpindi,33.5651,73.0169,42.5,65.4,870.0,33.6,8.4,80.0,124.0
2026-08-19 14:00:00+00:00,Rawalpindi,33.5651,73.0169,45.3,63.8,1149.0,51.8,8.8,51.0,122.0
2026-08-19 15:00:00+00:00,Rawalpindi,33.5651,73.0169,48.3,62.9,1335.0,65.9,9.1,27.0,121.0
2026-08-19 16:00:00+00:00,Rawalpindi,33.5651,73.0169,51.1,64.7,1372.0,73.2,9.2,13.0,119.0
2026-08-19 17:00:00+00:00,Rawalpindi,33.5651,73.0169,55.3,68.9,1316.0,76.5,9.2,5.0,118.0
2026-08-19 18:00:00+00:00,Rawalpindi,33.5651,73.0169,60.1,73.6,1191.0,74.6,8.7,4.0,117.0
2026-08-19 19:00:00+00:00,Rawalpindi,33.5651,73.0169,54.6,65.9,960.0,64.8,7.2,13.0,117.0
2026-08-19 20:00:00+00:00,Rawalpindi,33.5651,73.0169,48.7,60.8,661.0,49.9,5.2,29.0,116.0
2026-08-19 21:00:00+00:00,Rawalpindi,33.5651,73.0169,27.8,35.9,434.0,37.1,3.8,44.0,115.0
2026-08-19 22:00:00+00:00,Rawalpindi,33.5651,73.0169,17.9,24.5,333.0,28.5,3.5,54.0,112.0
2026-08-19 23:00:00+00:00,Rawalpindi,33.5651,73.0169,19.4,25.5,303.0,21.9,3.7,62.0,108.0
2026-08-20 00:00:00+00:00,Rawalpindi,33.5651,73.0169,24.6,33.5,327.0,12.5,3.7,87.0,104.0
2026-08-20 01:00:00+00:00,Rawalpindi,33.5651,73.0169,23.2,32.9,430.0,16.6,3.8,84.0,103.0
2026-08-20 02:00:00+00:00,Rawalpindi,33.5651,73.0169,24.6,38.3,586.0,22.1,4.1,81.0,101.0
2026-08-20 03:00:00+00:00,Rawalpindi,33.5651,73.0169,26.4,38.4,697.0,24.8,4.6,82.0,101.0
2026-08-20 04:00:00+00:00,Rawalpindi,33.5651,73.0169,27.8,40.5,716.0,21.9,5.7,91.0,101.0
2026-08-20 05:00:00+00:00,Rawalpindi,33.5651,73.0169,27.9,49.8,689.0,16.2,7.2,104.0,102.0
2026-08-20 06:00:00+00:00,Rawalpindi,33.5651,73.0169,31.3,59.8,658.0,11.4,8.4,117.0,102.0
2026-08-20 07:00:00+00:00,Rawalpindi,33.5651,73.0169,31.9,62.2,629.0,8.6,9.2,129.0,102.0
2026-08-20 08:00:00+00:00,Rawalpindi,33.5651,73.0169,33.5,66.8,596.0,6.8,9.7,140.0,102.0
2026-08-20 09:00:00+00:00,Rawalpindi,33.5651,73.0169,32.6,64.7,586.0,6.7,10.0,145.0,102.0
2026-08-20 10:00:00+00:00,Rawalpindi,33.5651,73.0169,32.5,63.8,564.0,7.0,9.9,144.0,102.0
2026-08-20 11:00:00+00:00,Rawalpindi,33.5651,73.0169,31.9,62.2,564.0,8.9,9.6,137.0,101.0
2026-08-20 12:00:00+00:00,Rawalpindi,33.5651,73.0169,50.1,101.3,716.0,14.5,14.2,130.0,101.0
2026-08-20 13:00:00+00:00,Rawalpindi,33.5651,73.0169,51.1,98.3,1118.0,42.0,15.2,93.0,102.0
2026-08-20 14:00:00+00:00,Rawalpindi,33.5651,73.0169,61.9,105.7,1673.0,79.8,16.6,43.0,103.0
2026-08-20 15:00:00+00:00,Rawalpindi,33.5651,73.0169,77.8,122.5,2217.0,106.1,17.7,6.0,104.0
2026-08-20 16:00:00+00:00,Rawalpindi,33.5651,73.0169,90.6,136.0,2767.0,110.8,18.6,0.0,108.0
2026-08-20 17:00:00+00:00,Rawalpindi,33.5651,73.0169,98.5,143.4,3305.0,104.2,19.2,0.0,112.0
2026-08-20 18:00:00+00:00,Rawalpindi,33.5651,73.0169,104.8,144.8,3619.0,95.2,18.5,1.0,116.0
2026-08-20 19:00:00+00:00,Rawalpindi,33.5651,73.0169,100.8,130.4,3612.0,84.7,15.5,1.0,121.0
2026-08-20 20:00:00+00:00,Rawalpindi,33.5651,73.0169,87.5,109.4,3379.0,71.7,11.3,2.0,126.0
2026-08-20 21:00:00+00:00,Rawalpindi,33.5651,73.0169,78.0,95.7,2994.0,63.1,8.2,2.0,130.0
2026-08-20 22:00:00+00:00,Rawalpindi,33.5651,73.0169,40.6,50.2,2354.0,63.8,7.2,0.0,135.0
2026-08-20 23:00:00+00:00,Rawalpindi,33.5651,73.0169,25.0,32.9,1562.0,68.7,7.4,0.0,137.0
2026-08-21 00:00:00+00:00,Rawalpindi,33.5651,73.0169,26.9,37.5,997.0,68.9,7.6,3.0,138.0
2026-08-21 01:00:00+00:00,Rawalpindi,33.5651,73.0169,24.0,34.8,873.0,62.7,9.1,16.0,138.0
2026-08-21 02:00:00+00:00,Rawalpindi,33.5651,73.0169,20.0,28.4,975.0,53.6,11.2,36.0,138.0
2026-08-21 03:00:00+00:00,Rawalpindi,33.5651,73.0169,33.2,50.4,1040.0,43.8,12.9,59.0,138.0
2026-08-21 04:00:00+00:00,Rawalpindi,33.5651,73.0169,30.7,50.3,961.0,32.6,14.0,89.0,138.0
2026-08-21 05:00:00+00:00,Rawalpindi,33.5651,73.0169,27.9,47.1,845.0,20.6,14.8,124.0,139.0
2026-08-21 06:00:00+00:00,Rawalpindi,33.5651,73.0169,28.9,49.8,743.0,11.5,15.1,151.0,139.0
2026-08-21 07:00:00+00:00,Rawalpindi,33.5651,73.0169,28.6,51.1,671.0,7.0,14.7,166.0,138.0
2026-08-21 08:00:00+00:00,Rawalpindi,33.5651,73.0169,30.0,53.2,614.0,5.5,14.0,174.0,138.0
2026-08-21 09:00:00+00:00,Rawalpindi,33.5651,73.0169,30.6,53.6,577.0,5.5,13.4,177.0,138.0
2026-08-21 10:00:00+00:00,Rawalpindi,33.5651,73.0169,30.7,52.9,500.0,5.0,13.4,177.0,137.0
2026-08-21 11:00:00+00:00,Rawalpindi,33.5651,73.0169,30.4,51.9,444.0,6.0,13.7,171.0,137.0
2026-08-21 12:00:00+00:00,Rawalpindi,33.5651,73.0169,42.6,78.7,599.0,12.7,13.9,150.0,137.0
2026-08-21 13:00:00+00:00,Rawalpindi,33.5651,73.0169,43.1,76.1,1190.0,30.7,13.5,118.0,141.0
2026-08-21 14:00:00+00:00,Rawalpindi,33.5651,73.0169,54.0,79.9,1992.0,55.6,12.8,73.0,140.0
2026-08-21 15:00:00+00:00,Rawalpindi,33.5651,73.0169,59.4,81.5,2523.0,75.3,12.3,37.0,135.0
2026-08-21 16:00:00+00:00,Rawalpindi,33.5651,73.0169,66.4,92.2,2559.0,85.9,12.1,17.0,133.0
2026-08-21 17:00:00+00:00,Rawalpindi,33.5651,73.0169,73.8,103.1,2323.0,91.3,11.9,6.0,130.0
2026-08-21 18:00:00+00:00,Rawalpindi,33.5651,73.0169,75.7,104.5,2009.0,90.5,11.4,2.0,128.0
2026-08-21 19:00:00+00:00,Rawalpindi,33.5651,73.0169,77.1,98.0,1610.0,80.8,10.1,7.0,125.0
2026-08-21 20:00:00+00:00,Rawalpindi,33.5651,73.0169,73.8,90.8,1131.0,65.0,8.5,20.0,122.0
2026-08-21 21:00:00+00:00,Rawalpindi,33.5651,73.0169,61.0,75.2,785.0,50.5,7.3,32.0,121.0
2026-08-21 22:00:00+00:00,Rawalpindi,33.5651,73.0169,40.0,50.3,673.0,39.3,6.7,41.0,119.0
2026-08-21 23:00:00+00:00,Rawalpindi,33.5651,73.0169,28.7,36.9,693.0,29.4,6.5,50.0,119.0
2026-08-22 00:00:00+00:00,Rawalpindi,33.5651,73.0169,48.3,60.8,749.0,34.0,8.0,36.0,119.0
2026-08-22 01:00:00+00:00,Rawalpindi,33.5651,73.0169,40.0,49.7,846.0,32.4,8.8,49.0,122.0
2026-08-22 02:00:00+00:00,Rawalpindi,33.5651,73.0169,43.2,58.0,978.0,29.9,9.9,69.0,123.0
2026-08-22 03:00:00+00:00,Rawalpindi,33.5651,73.0169,38.1,53.8,1035.0,26.3,10.9,90.0,126.0
2026-08-22 04:00:00+00:00,Rawalpindi,33.5651,73.0169,32.2,50.1,947.0,20.6,11.8,114.0,126.0
2026-08-22 05:00:00+00:00,Rawalpindi,33.5651,73.0169,30.5,50.5,783.0,13.7,12.7,141.0,126.0
2026-08-22 06:00:00+00:00,Rawalpindi,33.5651,73.0169,30.2,49.5,639.0,8.5,13.4,162.0,127.0
2026-08-22 07:00:00+00:00,Rawalpindi,33.5651,73.0169,30.2,49.1,534.0,5.9,13.9,176.0,127.0
2026-08-22 08:00:00+00:00,Rawalpindi,33.5651,73.0169,32.0,51.9,449.0,5.0,14.1,185.0,127.0
2026-08-22 09:00:00+00:00,Rawalpindi,33.5651,73.0169,34.0,54.2,416.0,5.6,14.3,188.0,127.0
2026-08-22 10:00:00+00:00,Rawalpindi,33.5651,73.0169,35.5,55.9,408.0,7.3,14.5,185.0,127.0
2026-08-22 11:00:00+00:00,Rawalpindi,33.5651,73.0169,36.8,57.0,452.0,10.4,14.5,176.0,130.0
2026-08-22 12:00:00+00:00,Rawalpindi,33.5651,73.0169,38.4,58.9,668.0,17.3,12.9,150.0,149.0
2026-08-22 13:00:00+00:00,Rawalpindi,33.5651,73.0169,45.2,62.6,1198.0,31.1,12.7,125.0,155.0
2026-08-22 14:00:00+00:00,Rawalpindi,33.5651,73.0169,53.4,69.2,1899.0,50.4,12.4,89.0,152.0
2026-08-22 15:00:00+00:00,Rawalpindi,33.5651,73.0169,47.4,60.5,2466.0,66.2,12.0,58.0,138.0
2026-08-22 16:00:00+00:00,Rawalpindi,33.5651,73.0169,49.2,61.9,2848.0,76.6,11.5,35.0,127.0
2026-08-22 17:00:00+00:00,Rawalpindi,33.5651,73.0169,56.0,70.3,3097.0,83.6,10.9,17.0,125.0
2026-08-22 18:00:00+00:00,Rawalpindi,33.5651,73.0169,63.8,78.9,3057.0,84.1,10.1,8.0,123.0
2026-08-22 19:00:00+00:00,Rawalpindi,33.5651,73.0169,63.6,75.7,2517.0,74.5,8.7,12.0,122.0
2026-08-22 20:00:00+00:00,Rawalpindi,33.5651,73.0169,60.5,70.3,1688.0,58.4,7.1,26.0,121.0
2026-08-22 21:00:00+00:00,Rawalpindi,33.5651,73.0169,49.8,58.1,1054.0,43.6,6.4,42.0,119.0
2026-08-22 22:00:00+00:00,Rawalpindi,33.5651,73.0169,44.5,53.2,818.0,31.7,7.2,61.0,118.0
2026-08-22 23:00:00+00:00,Rawalpindi,33.5651,73.0169,29.6,39.9,776.0,21.1,8.9,82.0,119.0
2026-08-23 00:00:00+00:00,Rawalpindi,33.5651,73.0169,19.8,27.5,802.0,13.7,7.4,94.0,119.0
2026-08-23 01:00:00+00:00,Rawalpindi,33.5651,73.0169,17.5,23.5,908.0,16.9,7.2,91.0,116.0
2026-08-23 02:00:00+00:00,Rawalpindi,33.5651,73.0169,19.6,25.4,1083.0,21.2,7.0,87.0,113.0
2026-08-23 03:00:00+00:00,Rawalpindi,33.5651,73.0169,21.0,31.4,1162.0,23.2,7.3,88.0,111.0
2026-08-23 04:00:00+00:00,Rawalpindi,33.5651,73.0169,23.0,34.3,1048.0,20.9,8.6,99.0,109.0
2026-08-23 05:00:00+00:00,Rawalpindi,33.5651,73.0169,23.3,33.2,840.0,16.4,10.4,116.0,108.0
2026-08-23 06:00:00+00:00,Rawalpindi,33.5651,73.0169,24.1,35.3,665.0,12.4,12.1,132.0,108.0
2026-08-23 07:00:00+00:00,Rawalpindi,33.5651,73.0169,24.1,39.3,566.0,9.7,13.4,145.0,107.0
2026-08-23 08:00:00+00:00,Rawalpindi,33.5651,73.0169,24.3,40.5,502.0,7.5,14.5,157.0,106.0
2026-08-23 09:00:00+00:00,Rawalpindi,33.5651,73.0169,24.0,39.2,474.0,6.5,15.3,165.0,105.0
2026-08-23 10:00:00+00:00,Rawalpindi,33.5651,73.0169,24.0,38.1,441.0,5.0,15.7,172.0,104.0
2026-08-23 11:00:00+00:00,Rawalpindi,33.5651,73.0169,23.7,35.6,445.0,4.7,15.8,174.0,103.0
2026-08-23 12:00:00+00:00,Rawalpindi,33.5651,73.0169,21.0,29.2,613.0,10.7,15.8,175.0,113.0
2026-08-23 13:00:00+00:00,Rawalpindi,33.5651,73.0169,25.6,32.8,1105.0,27.3,16.4,146.0,129.0
2026-08-23 14:00:00+00:00,Rawalpindi,33.5651,73.0169,31.2,39.0,1761.0,50.5,17.1,106.0,136.0
2026-08-23 15:00:00+00:00,Rawalpindi,33.5651,73.0169,40.2,47.8,2227.0,69.8,17.2,70.0,130.0
2026-08-23 16:00:00+00:00,Rawalpindi,33.5651,73.0169,47.5,55.1,2343.0,82.1,16.3,43.0,114.0
2026-08-23 17:00:00+00:00,Rawalpindi,33.5651,73.0169,56.3,63.3,2269.0,90.7,14.7,20.0,96.0
2026-08-23 18:00:00+00:00,Rawalpindi,33.5651,73.0169,61.7,68.0,2135.0,94.5,13.1,4.0,96.0
2026-08-23 19:00:00+00:00,Rawalpindi,33.5651,73.0169,63.6,69.6,1965.0,92.1,11.7,0.0,96.0
2026-08-23 20:00:00+00:00,Rawalpindi,33.5651,73.0169,64.0,69.8,1735.0,85.1,10.2,0.0,96.0
2026-08-23 21:00:00+00:00,Rawalpindi,33.5651,73.0169,64.5,70.1,1500.0,77.2,8.7,2.0,96.0
2026-08-23 22:00:00+00:00,Rawalpindi,33.5651,73.0169,64.3,68.7,1234.0,68.9,6.9,0.0,97.0
2026-08-23 23:00:00+00:00,Rawalpindi,33.5651,73.0169,61.0,64.5,964.0,59.8,5.1,0.0,99.0
2026-08-24 00:00:00+00:00,Rawalpindi,33.5651,73.0169,75.4,80.6,823.0,66.4,6.8,1.0,102.0
2026-08-24 01:00:00+00:00,Rawalpindi,33.5651,73.0169,73.3,77.5,935.0,62.7,7.8,12.0,108.0
2026-08-24 02:00:00+00:00,Rawalpindi,33.5651,73.0169,65.4,68.9,1177.0,57.0,9.3,28.0,113.0
2026-08-24 03:00:00+00:00,Rawalpindi,33.5651,73.0169,56.3,61.0,1313.0,48.9,11.3,56.0,118.0
2026-08-24 04:00:00+00:00,Rawalpindi,33.5651,73.0169,33.5,40.3,1226.0,36.0,14.5,105.0,122.0
2026-08-24 05:00:00+00:00,Rawalpindi,33.5651,73.0169,28.5,36.4,1034.0,20.6,18.2,166.0,123.0
2026-08-24 06:00:00+00:00,Rawalpindi,33.5651,73.0169,28.9,37.6,854.0,9.2,20.2,210.0,123.0
2026-08-24 07:00:00+00:00,Rawalpindi,33.5651,73.0169,28.5,37.8,703.0,5.0,19.2,225.0,124.0
2026-08-24 08:00:00+00:00,Rawalpindi,33.5651,73.0169,27.9,37.4,564.0,4.8,16.5,225.0,124.0
2026-08-24 09:00:00+00:00,Rawalpindi,33.5651,73.0169,27.5,37.6,501.0,5.9,14.4,220.0,125.0
2026-08-24 10:00:00+00:00,Rawalpindi,33.5651,73.0169,27.1,38.1,485.0,3.6,13.8,220.0,129.0
2026-08-24 11:00:00+00:00,Rawalpindi,33.5651,73.0169,26.8,38.4,544.0,2.6,13.9,217.0,165.0
2026-08-24 12:00:00+00:00,Rawalpindi,33.5651,73.0169,17.5,24.8,835.0,14.2,11.3,175.0,191.0
2026-08-24 13:00:00+00:00,Rawalpindi,33.5651,73.0169,24.3,30.4,1577.0,45.2,11.7,127.0,201.0
2026-08-24 14:00:00+00:00,Rawalpindi,33.5651,73.0169,32.7,39.1,2551.0,87.8,12.3,61.0,196.0
2026-08-24 15:00:00+00:00,Rawalpindi,33.5651,73.0169,41.3,48.2,3245.0,118.1,13.0,12.0,172.0
2026-08-24 16:00:00+00:00,Rawalpindi,33.5651,73.0169,48.8,56.3,3458.0,124.7,14.0,0.0,134.0
2026-08-24 17:00:00+00:00,Rawalpindi,33.5651,73.0169,54.9,63.3,3393.0,119.0,15.2,2.0,126.0
2026-08-24 18:00:00+00:00,Rawalpindi,33.5651,73.0169,60.5,69.6,3147.0,111.0,15.3,7.0,126.0
2026-08-24 19:00:00+00:00,Rawalpindi,33.5651,73.0169,62.4,71.0,2656.0,104.1,13.6,6.0,125.0
2026-08-24 20:00:00+00:00,Rawalpindi,33.5651,73.0169,54.1,61.0,1985.0,95.0,10.9,5.0,125.0
2026-08-24 21:00:00+00:00,Rawalpindi,33.5651,73.0169,47.5,53.4,1428.0,83.4,8.8,8.0,124.0
2026-08-24 22:00:00+00:00,Rawalpindi,33.5651,73.0169,42.0,47.6,1068.0,66.9,7.8,16.0,123.0
2026-08-24 23:00:00+00:00,Rawalpindi,33.5651,73.0169,36.7,41.9,822.0,48.0,7.4,28.0,120.0
2026-08-25 00:00:00+00:00,Rawalpindi,33.5651,73.0169,48.3,54.7,735.0,48.3,9.0,30.0,118.0
2026-08-25 01:00:00+00:00,Rawalpindi,33.5651,73.0169,46.9,53.2,933.0,42.8,10.3,52.0,115.0
2026-08-25 02:00:00+00:00,Rawalpindi,33.5651,73.0169,43.5,48.7,1291.0,35.1,12.1,84.0,112.0
2026-08-25 03:00:00+00:00,Rawalpindi,33.5651,73.0169,31.4,39.6,1469.0,27.4,14.1,114.0,110.0
2026-08-25 04:00:00+00:00,Rawalpindi,33.5651,73.0169,27.6,38.8,1271.0,20.0,16.7,141.0,107.0
2026-08-25 05:00:00+00:00,Rawalpindi,33.5651,73.0169,27.2,39.9,895.0,12.7,19.5,167.0,107.0
2026-08-25 06:00:00+00:00,Rawalpindi,33.5651,73.0169,25.8,39.3,596.0,7.4,20.8,187.0,106.0
2026-08-25 07:00:00+00:00,Rawalpindi,33.5651,73.0169,25.3,38.6,470.0,5.0,19.2,198.0,106.0
2026-08-25 08:00:00+00:00,Rawalpindi,33.5651,73.0169,25.5,38.8,423.0,4.7,15.9,203.0,106.0
2026-08-25 09:00:00+00:00,Rawalpindi,33.5651,73.0169,25.8,39.1,425.0,5.6,13.5,204.0,110.0
2026-08-25 10:00:00+00:00,Rawalpindi,33.5651,73.0169,25.7,38.9,356.0,4.0,12.7,206.0,143.0
2026-08-25 11:00:00+00:00,Rawalpindi,33.5651,73.0169,25.7,38.8,336.0,3.6,12.7,203.0,164.0
2026-08-25 12:00:00+00:00,Rawalpindi,33.5651,73.0169,24.4,37.6,700.0,14.3,11.9,177.0,178.0
2026-08-25 13:00:00+00:00,Rawalpindi,33.5651,73.0169,31.1,42.3,1866.0,46.8,12.7,130.0,184.0
2026-08-25 14:00:00+00:00,Rawalpindi,33.5651,73.0169,41.8,53.4,3414.0,91.3,13.8,65.0,178.0
2026-08-25 15:00:00+00:00,Rawalpindi,33.5651,73.0169,48.7,60.8,4423.0,123.0,14.7,17.0,158.0
2026-08-25 16:00:00+00:00,Rawalpindi,33.5651,73.0169,49.8,62.4,4396.0,130.6,15.3,2.0,123.0
2026-08-25 17:00:00+00:00,Rawalpindi,33.5651,73.0169,53.8,66.6,3828.0,125.4,15.7,5.0,108.0
2026-08-25 18:00:00+00:00,Rawalpindi,33.5651,73.0169,60.5,72.6,3286.0,115.8,15.3,9.0,108.0
2026-08-25 19:00:00+00:00,Rawalpindi,33.5651,73.0169,59.4,68.9,2997.0,103.2,13.5,10.0,108.0
2026-08-25 20:00:00+00:00,Rawalpindi,33.5651,73.0169,54.7,61.7,2734.0,86.3,10.9,13.0,108.0
2026-08-25 21:00:00+00:00,Rawalpindi,33.5651,73.0169,49.8,54.8,2376.0,69.5,9.1,20.0,108.0
2026-08-25 22:00:00+00:00,Rawalpindi,33.5651,73.0169,45.2,49.7,1756.0,52.1,8.7,35.0,108.0
2026-08-25 23:00:00+00:00,Rawalpindi,33.5651,73.0169,39.5,44.5,1042.0,34.7,9.1,53.0,109.0
2026-08-26 00:00:00+00:00,Rawalpindi,33.5651,73.0169,46.8,51.2,613.0,42.0,8.3,33.0,109.0
2026-08-26 01:00:00+00:00,Rawalpindi,33.5651,73.0169,44.2,48.4,751.0,40.8,9.4,48.0,109.0
2026-08-26 02:00:00+00:00,Rawalpindi,33.5651,73.0169,41.6,45.8,1175.0,38.8,10.9,71.0,108.0
2026-08-26 03:00:00+00:00,Rawalpindi,33.5651,73.0169,35.4,44.2,1424.0,34.6,13.0,97.0,108.0
2026-08-26 04:00:00+00:00,Rawalpindi,33.5651,73.0169,32.2,45.8,1268.0,26.1,16.4,129.0,109.0
2026-08-26 05:00:00+00:00,Rawalpindi,33.5651,73.0169,32.7,48.9,937.0,15.5,20.2,165.0,109.0
2026-08-26 06:00:00+00:00,Rawalpindi,33.5651,73.0169,31.5,48.4,665.0,7.6,22.1,191.0,110.0
2026-08-26 07:00:00+00:00,Rawalpindi,33.5651,73.0169,29.4,45.1,530.0,4.7,20.2,202.0,110.0
2026-08-26 08:00:00+00:00,Rawalpindi,33.5651,73.0169,29.0,43.8,455.0,4.7,16.2,203.0,111.0
2026-08-26 09:00:00+00:00,Rawalpindi,33.5651,73.0169,29.0,43.4,435.0,5.8,13.1,200.0,111.0
2026-08-26 10:00:00+00:00,Rawalpindi,33.5651,73.0169,29.2,43.5,391.0,4.1,11.9,199.0,134.0
2026-08-26 11:00:00+00:00,Rawalpindi,33.5651,73.0169,29.3,43.5,404.0,3.5,11.6,195.0,158.0
2026-08-26 12:00:00+00:00,Rawalpindi,33.5651,73.0169,29.8,43.9,712.0,15.0,11.8,175.0,174.0
2026-08-26 13:00:00+00:00,Rawalpindi,33.5651,73.0169,38.4,50.3,1591.0,51.1,12.9,124.0,181.0
2026-08-26 14:00:00+00:00,Rawalpindi,33.5651,73.0169,50.6,64.0,2766.0,99.1,14.5,58.0,175.0
2026-08-26 15:00:00+00:00,Rawalpindi,33.5651,73.0169,62.6,76.8,3647.0,132.1,15.7,10.0,154.0
2026-08-26 16:00:00+00:00,Rawalpindi,33.5651,73.0169,68.5,83.1,4000.0,136.5,16.2,0.0,116.0
2026-08-26 17:00:00+00:00,Rawalpindi,33.5651,73.0169,72.4,87.1,4058.0,125.8,16.3,3.0,118.0
2026-08-26 18:00:00+00:00,Rawalpindi,33.5651,73.0169,79.6,93.1,3936.0,113.5,15.6,9.0,120.0
